name,categorie,tier,score_excel,ats,slug,careers_url,statut
13Advisory,Boutique Corporate Finance / M&A,cible,82.4,,,,a_enrichir
2CFinance,Boutique Corporate Finance / M&A,cible,82.4,,,,a_enrichir
2J Finance,Boutique Corporate Finance / M&A,cible,82.4,,,,a_enrichir
A Plus Finance,Boutique Corporate Finance / M&A,cible,82.4,,,,a_enrichir
Access Finance,Boutique Corporate Finance / M&A,cible,82.4,,,,a_enrichir
Acetis Finance,Boutique Corporate Finance / M&A,cible,82.4,,,,a_enrichir
Acom Corporate Finance,Boutique Corporate Finance / M&A,cible,82.4,,,,a_enrichir
Acquest,Boutique Corporate Finance / M&A,cible,82.4,,,,a_enrichir
Acta Finance,Boutique Corporate Finance / M&A,cible,82.4,,,,a_enrichir
Acype Finance,Boutique Corporate Finance / M&A,cible,82.4,,,,a_enrichir
Ader Finance,Boutique Corporate Finance / M&A,cible,82.4,,,,a_enrichir
Advance Capital,Boutique Corporate Finance / M&A,cible,82.4,,,,a_enrichir
Advisio Corporate Finance,Boutique Corporate Finance / M&A,cible,82.4,,,,a_enrichir
Aertus Finance,Boutique Corporate Finance / M&A,cible,82.4,,,,a_enrichir
Aforge Finance,Boutique Corporate Finance / M&A,cible,82.4,,,,a_enrichir
Agora Finance,Boutique Corporate Finance / M&A,cible,82.4,,,,a_enrichir
Altrix Finance,Boutique Corporate Finance / M&A,cible,82.4,,,,a_enrichir
Ama Partners,Boutique Corporate Finance / M&A,cible,82.4,,,,a_enrichir
Amala Partners,Boutique Corporate Finance / M&A,cible,82.4,,,,a_enrichir
Amkeo Corporate Finance,Boutique Corporate Finance / M&A,cible,82.4,,,,a_enrichir
Apparius Corporate Finance,Boutique Corporate Finance / M&A,cible,82.4,,,,a_enrichir
ASTORIA FINANCE,Boutique Corporate Finance / M&A,cible,82.4,,,,a_enrichir
Atena Finances,Boutique Corporate Finance / M&A,cible,82.4,,,,a_enrichir
Atout Capital,Boutique Corporate Finance / M&A,cible,82.4,,,,a_enrichir
ATRIUM Partners,Boutique Corporate Finance / M&A,cible,82.4,,,,a_enrichir
Aucteor Finance,Boutique Corporate Finance / M&A,cible,82.4,,,,a_enrichir
Aurignac Finance,Boutique Corporate Finance / M&A,cible,82.4,,,,a_enrichir
Axonia Partners,Boutique Corporate Finance / M&A,cible,82.4,,,,a_enrichir
Axys Finance,Boutique Corporate Finance / M&A,cible,82.4,,,,a_enrichir
Blue Partners,Boutique Corporate Finance / M&A,cible,82.4,,,,a_enrichir
Blue Partners Finance,Boutique Corporate Finance / M&A,cible,82.4,,,,a_enrichir
BM&A,Boutique Corporate Finance / M&A,cible,82.4,,,,a_enrichir
Breakline Partners,Boutique Corporate Finance / M&A,cible,82.4,,,,a_enrichir
Bucéphale Finance,Boutique Corporate Finance / M&A,cible,82.4,,,,a_enrichir
Calao Finance,Boutique Corporate Finance / M&A,cible,82.4,,,,a_enrichir
Capival,Boutique Corporate Finance / M&A,cible,82.4,,,,a_enrichir
Capstone Finance,Boutique Corporate Finance / M&A,cible,82.4,,,,a_enrichir
Carmin Finance,Boutique Corporate Finance / M&A,cible,82.4,,,,a_enrichir
Cartier Finance,Boutique Corporate Finance / M&A,cible,82.4,,,,a_enrichir
Case Corporate Finance,Boutique Corporate Finance / M&A,cible,82.4,,,,a_enrichir
CFK Finance,Boutique Corporate Finance / M&A,cible,82.4,,,,a_enrichir
Chausson Finance,Boutique Corporate Finance / M&A,cible,82.4,,,,a_enrichir
Chausson Partners,Boutique Corporate Finance / M&A,cible,82.4,,,,a_enrichir
Cofigex,Boutique Corporate Finance / M&A,cible,82.4,,,,a_enrichir
Corbett Keeling,Boutique Corporate Finance / M&A,cible,82.4,,,,a_enrichir
Crédit Mutuel Equity Advisory,Boutique Corporate Finance / M&A,cible,82.4,,,,a_enrichir
Cydipé,Boutique Corporate Finance / M&A,cible,82.4,,,,a_enrichir
EKAPARTNERS,Boutique Corporate Finance / M&A,cible,82.4,,,,a_enrichir
Entrepreneurs et Finance,Boutique Corporate Finance / M&A,cible,82.4,,,,a_enrichir
EQUIDEALS,Boutique Corporate Finance / M&A,cible,82.4,,,,a_enrichir
Equitas Finance,Boutique Corporate Finance / M&A,cible,82.4,,,,a_enrichir
EQUITIM,Boutique Corporate Finance / M&A,cible,82.4,,,,a_enrichir
Eurallia Finance,Boutique Corporate Finance / M&A,cible,82.4,,,,a_enrichir
Euro Latina Finance,Boutique Corporate Finance / M&A,cible,82.4,,,,a_enrichir
Eurvad,Boutique Corporate Finance / M&A,cible,82.4,,,,a_enrichir
Eurvad Finance,Boutique Corporate Finance / M&A,cible,82.4,,,,a_enrichir
Financière des Ternes,Boutique Corporate Finance / M&A,cible,82.4,,,,a_enrichir
Finders SA,Boutique Corporate Finance / M&A,cible,82.4,,,,a_enrichir
FL FINANCE & Développement,Boutique Corporate Finance / M&A,cible,82.4,,,,a_enrichir
Flack & Cie,Boutique Corporate Finance / M&A,cible,82.4,,,,a_enrichir
Fortlane Partners,Boutique Corporate Finance / M&A,cible,82.4,,,,a_enrichir
Gimar & Co,Boutique Corporate Finance / M&A,cible,82.4,,,,a_enrichir
Ginesis Finance,Boutique Corporate Finance / M&A,cible,82.4,,,,a_enrichir
Goldblum and Partners,Boutique Corporate Finance / M&A,cible,82.4,,,,a_enrichir
Groupe Premium M&A,Boutique Corporate Finance / M&A,cible,82.4,,,,a_enrichir
Groupe Stentor,Boutique Corporate Finance / M&A,cible,82.4,,,,a_enrichir
HC Partners,Boutique Corporate Finance / M&A,cible,82.4,,,,a_enrichir
Hekla Corporate Finance,Boutique Corporate Finance / M&A,cible,82.4,,,,a_enrichir
HEMISPHERE,Boutique Corporate Finance / M&A,cible,82.4,,,,a_enrichir
Hermes Finance,Boutique Corporate Finance / M&A,cible,82.4,,,,a_enrichir
Iddea Advisory,Boutique Corporate Finance / M&A,cible,82.4,,,,a_enrichir
IKSEL & CO,Boutique Corporate Finance / M&A,cible,82.4,,,,a_enrichir
Impulse CF,Boutique Corporate Finance / M&A,cible,82.4,,,,a_enrichir
Impulse Corporate Finance,Boutique Corporate Finance / M&A,cible,82.4,,,,a_enrichir
In Extenso Finance & Transmission,Boutique Corporate Finance / M&A,cible,82.4,,,,a_enrichir
Initiative Finance,Boutique Corporate Finance / M&A,cible,82.4,,,,a_enrichir
Intuitu,Boutique Corporate Finance / M&A,cible,82.4,,,,a_enrichir
IRD M&A,Boutique Corporate Finance / M&A,cible,82.4,,,,a_enrichir
Jasmin Capital,Boutique Corporate Finance / M&A,cible,82.4,,,,a_enrichir
Kray&Co,Boutique Corporate Finance / M&A,cible,82.4,,,,a_enrichir
La Baume Finance,Boutique Corporate Finance / M&A,cible,82.4,,,,a_enrichir
Largillière Finance,Boutique Corporate Finance / M&A,cible,82.4,,,,a_enrichir
Latinafinance,Boutique Corporate Finance / M&A,cible,82.4,,,,a_enrichir
Leuwen-EuroLand,Boutique Corporate Finance / M&A,cible,82.4,,,,a_enrichir
Linkera,Boutique Corporate Finance / M&A,cible,82.4,,,,a_enrichir
Logion Finance,Boutique Corporate Finance / M&A,cible,82.4,,,,a_enrichir
Magellan Asset Finance,Boutique Corporate Finance / M&A,cible,82.4,,,,a_enrichir
Marceau Finance,Boutique Corporate Finance / M&A,cible,82.4,,,,a_enrichir
Maresquier Partners,Boutique Corporate Finance / M&A,cible,82.4,,,,a_enrichir
MBA Capital,Boutique Corporate Finance / M&A,cible,82.4,,,,a_enrichir
MBA Capital / Conseil Cession Acquisition,Boutique Corporate Finance / M&A,cible,82.4,,,,a_enrichir
Mediastone Partners,Boutique Corporate Finance / M&A,cible,82.4,,,,a_enrichir
Messis Finance,Boutique Corporate Finance / M&A,cible,82.4,,,,a_enrichir
MGT Finance,Boutique Corporate Finance / M&A,cible,82.4,,,,a_enrichir
Natureo Finance,Boutique Corporate Finance / M&A,cible,82.4,,,,a_enrichir
Naxicap Advisory,Boutique Corporate Finance / M&A,cible,82.4,,,,a_enrichir
NewCo Corporate Finance,Boutique Corporate Finance / M&A,cible,82.4,,,,a_enrichir
Next! Financial Advisors,Boutique Corporate Finance / M&A,cible,82.4,,,,a_enrichir
Nfinance,Boutique Corporate Finance / M&A,cible,82.4,,,,a_enrichir
Nord Transmission,Boutique Corporate Finance / M&A,cible,82.4,,,,a_enrichir
Novabridge,Boutique Corporate Finance / M&A,cible,82.4,,,,a_enrichir
Oakbridge Partners,Boutique Corporate Finance / M&A,cible,82.4,,,,a_enrichir
Octama Finance,Boutique Corporate Finance / M&A,cible,82.4,,,,a_enrichir
Oneida Associés,Boutique Corporate Finance / M&A,cible,82.4,,,,a_enrichir
Pax Corporate Finance,Boutique Corporate Finance / M&A,cible,82.4,,,,a_enrichir
PMCF Corporate Finance,Boutique Corporate Finance / M&A,cible,82.4,,,,a_enrichir
PME Partner,Boutique Corporate Finance / M&A,cible,82.4,,,,a_enrichir
Prevaal Finance,Boutique Corporate Finance / M&A,cible,82.4,,,,a_enrichir
Priscus Finance,Boutique Corporate Finance / M&A,cible,82.4,,,,a_enrichir
Rangecourt S.A.,Boutique Corporate Finance / M&A,cible,82.4,,,,a_enrichir
Raphaël Financial Advisory,Boutique Corporate Finance / M&A,cible,82.4,,,,a_enrichir
Rochefort & Associés,Boutique Corporate Finance / M&A,cible,82.4,,,,a_enrichir
Sailly Transmission,Boutique Corporate Finance / M&A,cible,82.4,,,,a_enrichir
SCCF Structured Commodity,Boutique Corporate Finance / M&A,cible,82.4,,,,a_enrichir
SCCF Structured Commodity & Corporate Finance,Boutique Corporate Finance / M&A,cible,82.4,,,,a_enrichir
SDM - Corporate Finance Group,Boutique Corporate Finance / M&A,cible,82.4,,,,a_enrichir
Septentrion Finance,Boutique Corporate Finance / M&A,cible,82.4,,,,a_enrichir
Shibumi Corporate Finance,Boutique Corporate Finance / M&A,cible,82.4,,,,a_enrichir
Sienna Investment Managers Corporate Finance,Boutique Corporate Finance / M&A,cible,82.4,,,,a_enrichir
Sigma Corporate Finance,Boutique Corporate Finance / M&A,cible,82.4,,,,a_enrichir
Tevali Partners,Boutique Corporate Finance / M&A,cible,82.4,,,,a_enrichir
Transactions & Compagnie,Boutique Corporate Finance / M&A,cible,82.4,,,,a_enrichir
TRANSCAPITAL,Boutique Corporate Finance / M&A,cible,82.4,,,,a_enrichir
Triactis,Boutique Corporate Finance / M&A,cible,82.4,,,,a_enrichir
Triactis Fusac,Boutique Corporate Finance / M&A,cible,82.4,,,,a_enrichir
Trianon Corporate Finance,Boutique Corporate Finance / M&A,cible,82.4,,,,a_enrichir
Trium & Co,Boutique Corporate Finance / M&A,cible,82.4,,,,a_enrichir
Trocadero Capital Partners,Boutique Corporate Finance / M&A,cible,82.4,,,,a_enrichir
Trocadéro CP,Boutique Corporate Finance / M&A,cible,82.4,,,,a_enrichir
Vendome Conseils M&A,Boutique Corporate Finance / M&A,cible,82.4,,,,a_enrichir
Viti Transactions,Boutique Corporate Finance / M&A,cible,82.4,,,,a_enrichir
Wanda Corporate Finance,Boutique Corporate Finance / M&A,cible,82.4,,,,a_enrichir
Whedge Corporate Finance,Boutique Corporate Finance / M&A,cible,82.4,,,,a_enrichir
WINGATE,Boutique Corporate Finance / M&A,cible,82.4,,,,a_enrichir
Adviso Partners,Boutique M&A mid-market,cible,73.8,,,,a_enrichir
Aelios Finance,Boutique M&A mid-market,cible,73.8,,,,a_enrichir
Alexander Partners,Boutique M&A mid-market,cible,73.8,,,,a_enrichir
Amboise Partners,Boutique M&A mid-market,cible,73.8,,,,a_enrichir
AURIS Finance,Boutique M&A mid-market,cible,73.8,,,,a_enrichir
Banque Populaire Ingénierie Financière,Boutique M&A mid-market,cible,73.8,,,,a_enrichir
Bionest Partners Finance,Boutique M&A mid-market,cible,73.8,,,,a_enrichir
BNP Paribas Capital Partners,Boutique M&A mid-market,cible,73.8,,,,a_enrichir
BRED M&A,Boutique M&A mid-market,cible,73.8,,,,a_enrichir
Chevrillon & Associés,Boutique M&A mid-market,cible,73.8,,,,a_enrichir
CIC Conseil,Boutique M&A mid-market,cible,73.8,,,,a_enrichir
Clairfield International,Boutique M&A mid-market,cible,73.8,,,,a_enrichir
Corporate Finance International,Boutique M&A mid-market,cible,73.8,,,,a_enrichir
Crédit Agricole Midcap Advisors,Boutique M&A mid-market,cible,73.8,,,,a_enrichir
Crescendo Finance,Boutique M&A mid-market,cible,73.8,,,,a_enrichir
Evolve Capital,Boutique M&A mid-market,cible,73.8,,,,a_enrichir
Financière Cincinnatus,Boutique M&A mid-market,cible,73.8,,,,a_enrichir
Hand Partners,Boutique M&A mid-market,cible,73.8,,,,a_enrichir
Invest Corporate Finance,Boutique M&A mid-market,cible,73.8,,,,a_enrichir
Investec Advisory (ex-Capitalmind),Boutique M&A mid-market,cible,73.8,,,,a_enrichir
Linkers,Boutique M&A mid-market,cible,73.8,,,,a_enrichir
LINKERS Fusions et Acquisitions,Boutique M&A mid-market,cible,73.8,,,,a_enrichir
M&A WORLDWIDE,Boutique M&A mid-market,cible,73.8,,,,a_enrichir
Oaklins,Boutique M&A mid-market,cible,73.8,,,,a_enrichir
Oaklins France,Boutique M&A mid-market,cible,73.8,,,,a_enrichir
ONEtoONE Corporate Finance France,Boutique M&A mid-market,cible,73.8,,,,a_enrichir
Scalene Partners,Boutique M&A mid-market,cible,73.8,,,,a_enrichir
Société Générale Capital Partners,Boutique M&A mid-market,cible,73.8,,,,a_enrichir
Societex Corporate Finance,Boutique M&A mid-market,cible,73.8,,,,a_enrichir
Sodica,Boutique M&A mid-market,cible,73.8,,,,a_enrichir
Transaction R,Boutique M&A mid-market,cible,73.8,,,,a_enrichir
Translink CF France,Boutique M&A mid-market,cible,73.8,,,,a_enrichir
Wagram Corporate Finance,Boutique M&A mid-market,cible,73.8,,,,a_enrichir
Deloitte,Big 4 – Transaction Services,elite,73.1,,,,a_enrichir
EY,Big 4 – Transaction Services,elite,73.1,,,,a_enrichir
EY Maroc,Big 4 – Transaction Services,elite,73.1,,,,a_enrichir
KPMG,Big 4 – Transaction Services,elite,73.1,,,,a_enrichir
KPMG France,Big 4 – Transaction Services,elite,73.1,,,,a_enrichir
KPMG GLD et Associés Monaco,Big 4 – Transaction Services,elite,73.1,,,,a_enrichir
KPMG India,Big 4 – Transaction Services,elite,73.1,,,,a_enrichir
KPMG Strategy France,Big 4 – Transaction Services,elite,73.1,,,,a_enrichir
PwC,Big 4 – Transaction Services,elite,73.1,,,,a_enrichir
PwC France,Big 4 – Transaction Services,elite,73.1,,,,a_enrichir
PwC Maroc,Big 4 – Transaction Services,elite,73.1,,,,a_enrichir
8Advisory,Advisory / TS / Valuation (grand),elite,72.7,,,,a_enrichir
Accuracy,Advisory / TS / Valuation (grand),elite,72.7,,,,a_enrichir
Advancy,Advisory / TS / Valuation (grand),elite,72.7,,,,a_enrichir
Alcé Equity Advisory,Advisory / TS / Valuation (grand),elite,72.7,,,,a_enrichir
AlixPartners,Advisory / TS / Valuation (grand),elite,72.7,,,,a_enrichir
Alvarez & Marsal,Advisory / TS / Valuation (grand),elite,72.7,,,,a_enrichir
Associés en Finance,Advisory / TS / Valuation (grand),elite,72.7,,,,a_enrichir
Baker Tilly Corporate Finance,Advisory / TS / Valuation (grand),elite,72.7,,,,a_enrichir
Clearwater,Advisory / TS / Valuation (grand),elite,72.7,,,,a_enrichir
Clearwater - France,Advisory / TS / Valuation (grand),elite,72.7,,,,a_enrichir
Clearwater France - Belgium,Advisory / TS / Valuation (grand),elite,72.7,,,,a_enrichir
Constantin Associés,Advisory / TS / Valuation (grand),elite,72.7,,,,a_enrichir
Credit Agricole Midcap Advisors,Advisory / TS / Valuation (grand),elite,72.7,,,,a_enrichir
D'Ornano & Associés,Advisory / TS / Valuation (grand),elite,72.7,,,,a_enrichir
Duff & Phelps,Advisory / TS / Valuation (grand),elite,72.7,,,,a_enrichir
Eight Advisory,Advisory / TS / Valuation (grand),elite,72.7,,,,a_enrichir
Exelmans,Advisory / TS / Valuation (grand),elite,72.7,,,,a_enrichir
Finexsi,Advisory / TS / Valuation (grand),elite,72.7,,,,a_enrichir
Forvis Mazars Corporate Finance,Advisory / TS / Valuation (grand),elite,72.7,,,,a_enrichir
FTI Consulting,Advisory / TS / Valuation (grand),elite,72.7,,,,a_enrichir
Grant Thornton France,Advisory / TS / Valuation (grand),elite,72.7,,,,a_enrichir
In Extenso Finance,Advisory / TS / Valuation (grand),elite,72.7,,,,a_enrichir
Indosuez Corporate Advisory,Advisory / TS / Valuation (grand),elite,72.7,,,,a_enrichir
Interpath,Advisory / TS / Valuation (grand),elite,72.7,,,,a_enrichir
Investec Business Advisory,Advisory / TS / Valuation (grand),elite,72.7,,,,a_enrichir
June Partners,Advisory / TS / Valuation (grand),elite,72.7,,,,a_enrichir
Kroll,Advisory / TS / Valuation (grand),elite,72.7,,,,a_enrichir
Kroll Advisory,Advisory / TS / Valuation (grand),elite,72.7,,,,a_enrichir
Ledouble,Advisory / TS / Valuation (grand),elite,72.7,,,,a_enrichir
Mazars Consulting,Advisory / TS / Valuation (grand),elite,72.7,,,,a_enrichir
Mazars Restructuring,Advisory / TS / Valuation (grand),elite,72.7,,,,a_enrichir
Oderis,Advisory / TS / Valuation (grand),elite,72.7,,,,a_enrichir
Oderis Consulting,Advisory / TS / Valuation (grand),elite,72.7,,,,a_enrichir
Ricol Lasteyrie,Advisory / TS / Valuation (grand),elite,72.7,,,,a_enrichir
RSM Corporate Finance,Advisory / TS / Valuation (grand),elite,72.7,,,,a_enrichir
Sorgem Evaluation,Advisory / TS / Valuation (grand),elite,72.7,,,,a_enrichir
Sorgem Évaluation,Advisory / TS / Valuation (grand),elite,72.7,,,,a_enrichir
Teneo,Advisory / TS / Valuation (grand),elite,72.7,,,,a_enrichir
Audit & Associés,Audit / Expertise (+ CF),autre,66,,,,a_enrichir
Audit & Stratégie,Audit / Expertise (+ CF),autre,66,,,,a_enrichir
Baker Tilly,Audit / Expertise (+ CF),autre,66,,,,a_enrichir
Baker Tilly (Blue Partners Finance),Audit / Expertise (+ CF),autre,66,,,,a_enrichir
Baker Tilly M&A (France),Audit / Expertise (+ CF),autre,66,,,,a_enrichir
BCRH & Associés,Audit / Expertise (+ CF),autre,66,,,,a_enrichir
BDO Corporate Finance,Audit / Expertise (+ CF),autre,66,,,,a_enrichir
Benoit & Associés,Audit / Expertise (+ CF),autre,66,,,,a_enrichir
Blue Partners Finance | Groupe Baker Tilly,Audit / Expertise (+ CF),autre,66,,,,a_enrichir
Cailliau Dedouit & Associés,Audit / Expertise (+ CF),autre,66,,,,a_enrichir
Colombus Audit & Expertise,Audit / Expertise (+ CF),autre,66,,,,a_enrichir
Compagnie Fiduciaire,Audit / Expertise (+ CF),autre,66,,,,a_enrichir
Compagnie Méditerranéenne d'Audit,Audit / Expertise (+ CF),autre,66,,,,a_enrichir
Conseil & Partenaires Audit (CP&A),Audit / Expertise (+ CF),autre,66,,,,a_enrichir
Crowe HAF,Audit / Expertise (+ CF),autre,66,,,,a_enrichir
dafinity By AURYS,Audit / Expertise (+ CF),autre,66,,,,a_enrichir
Fidaro CGT (Maroc),Audit / Expertise (+ CF),autre,66,,,,a_enrichir
Forvis Mazars,Audit / Expertise (+ CF),autre,66,,,,a_enrichir
Forvis Mazars Group,Audit / Expertise (+ CF),autre,66,,,,a_enrichir
Forvis Mazars US,Audit / Expertise (+ CF),autre,66,,,,a_enrichir
Galea & Associés,Audit / Expertise (+ CF),autre,66,,,,a_enrichir
Grant Thornton (US),Audit / Expertise (+ CF),autre,66,,,,a_enrichir
H3P Audit & Conseil,Audit / Expertise (+ CF),autre,66,,,,a_enrichir
HAF Audit,Audit / Expertise (+ CF),autre,66,,,,a_enrichir
Lison Chouraki Audit,Audit / Expertise (+ CF),autre,66,,,,a_enrichir
Mazars,Audit / Expertise (+ CF),autre,66,,,,a_enrichir
Mazars Maroc,Audit / Expertise (+ CF),autre,66,,,,a_enrichir
Nexia S&A,Audit / Expertise (+ CF),autre,66,,,,a_enrichir
Organisation Conseil Audit,Audit / Expertise (+ CF),autre,66,,,,a_enrichir
Paper Audit & Conseil,Audit / Expertise (+ CF),autre,66,,,,a_enrichir
RSM France,Audit / Expertise (+ CF),autre,66,,,,a_enrichir
Sefico Nexia,Audit / Expertise (+ CF),autre,66,,,,a_enrichir
Synergie Audit,Audit / Expertise (+ CF),autre,66,,,,a_enrichir
4C Conseil,Conseil financier (indépendant),cible,62.3,,,,a_enrichir
A2D Conseil,Conseil financier (indépendant),cible,62.3,,,,a_enrichir
Acom Conseil,Conseil financier (indépendant),cible,62.3,,,,a_enrichir
Acq'cess Conseils,Conseil financier (indépendant),cible,62.3,,,,a_enrichir
Chami & Co,Conseil financier (indépendant),cible,62.3,,,,a_enrichir
DZETA Conseil,Conseil financier (indépendant),cible,62.3,,,,a_enrichir
Echosys Advisory,Conseil financier (indépendant),cible,62.3,,,,a_enrichir
Econsult,Conseil financier (indépendant),cible,62.3,,,,a_enrichir
Effective Capital,Conseil financier (indépendant),cible,62.3,,,,a_enrichir
Entreprise & Décisions,Conseil financier (indépendant),cible,62.3,,,,a_enrichir
Financial Decisions,Conseil financier (indépendant),cible,62.3,,,,a_enrichir
Galéa,Conseil financier (indépendant),cible,62.3,,,,a_enrichir
Galea & Associes,Conseil financier (indépendant),cible,62.3,,,,a_enrichir
Global Sovereign Advisory,Conseil financier (indépendant),cible,62.3,,,,a_enrichir
Green Giraffe Advisory,Conseil financier (indépendant),cible,62.3,,,,a_enrichir
Groupe Malesherbes,Conseil financier (indépendant),cible,62.3,,,,a_enrichir
Integrity Advisory,Conseil financier (indépendant),cible,62.3,,,,a_enrichir
JRC Corporate Consulting,Conseil financier (indépendant),cible,62.3,,,,a_enrichir
JTB Conseil,Conseil financier (indépendant),cible,62.3,,,,a_enrichir
MKH Conseil,Conseil financier (indépendant),cible,62.3,,,,a_enrichir
MNK Group,Conseil financier (indépendant),cible,62.3,,,,a_enrichir
Olyos Group,Conseil financier (indépendant),cible,62.3,,,,a_enrichir
Pramex International,Conseil financier (indépendant),cible,62.3,,,,a_enrichir
Pure Partners Advisory,Conseil financier (indépendant),cible,62.3,,,,a_enrichir
Raise Conseil,Conseil financier (indépendant),cible,62.3,,,,a_enrichir
RivierAzul Advisors,Conseil financier (indépendant),cible,62.3,,,,a_enrichir
VAS Consulting,Conseil financier (indépendant),cible,62.3,,,,a_enrichir
Vendome Conseils,Conseil financier (indépendant),cible,62.3,,,,a_enrichir
WEADVISE,Conseil financier (indépendant),cible,62.3,,,,a_enrichir
Yellow Advisory,Conseil financier (indépendant),cible,62.3,,,,a_enrichir
YOU ADVISORY,Conseil financier (indépendant),cible,62.3,,,,a_enrichir
Alantra,Boutique M&A élite,elite,57.5,,,,a_enrichir
Arma Partners,Boutique M&A élite,elite,57.5,,,,a_enrichir
Avolta Partners,Boutique M&A élite,elite,57.5,,,,a_enrichir
Bryan Garnier,Boutique M&A élite,elite,57.5,,,,a_enrichir
Bryan Garnier Securities,Boutique M&A élite,elite,57.5,,,,a_enrichir
Cambon Partners,Boutique M&A élite,elite,57.5,,,,a_enrichir
Centerview Partners,Boutique M&A élite,elite,57.5,,,,a_enrichir
Clearwater International,Boutique M&A élite,elite,57.5,,,,a_enrichir
Clipperton,Boutique M&A élite,elite,57.5,,,,a_enrichir
DC Advisory,Boutique M&A élite,elite,57.5,,,,a_enrichir
Degroof Petercam Corporate Finance,Boutique M&A élite,elite,57.5,,,,a_enrichir
Drake Star,Boutique M&A élite,elite,57.5,,,,a_enrichir
Edmond de Rothschild Private Equity,Boutique M&A élite,elite,57.5,,,,a_enrichir
Evercore,Boutique M&A élite,elite,57.5,,,,a_enrichir
Financière de Courcelles,Boutique M&A élite,elite,57.5,,,,a_enrichir
Goetzpartners,Boutique M&A élite,elite,57.5,,,,a_enrichir
GP Bullhound,Boutique M&A élite,elite,57.5,,,,a_enrichir
Greenhill,Boutique M&A élite,elite,57.5,,,,a_enrichir
Guggenheim Securities,Boutique M&A élite,elite,57.5,,,,a_enrichir
Houlihan Lokey,Boutique M&A élite,elite,57.5,,,,a_enrichir
Houlihan Lokey France,Boutique M&A élite,elite,57.5,,,,a_enrichir
ICON Corporate Finance,Boutique M&A élite,elite,57.5,,,,a_enrichir
Lazard,Boutique M&A élite,elite,57.5,,,,a_enrichir
Lincoln International,Boutique M&A élite,elite,57.5,,,,a_enrichir
Messier & Associés,Boutique M&A élite,elite,57.5,,,,a_enrichir
Messier Maris & Associés,Boutique M&A élite,elite,57.5,,,,a_enrichir
Moelis & Company,Boutique M&A élite,elite,57.5,,,,a_enrichir
Natixis Partners,Boutique M&A élite,elite,57.5,,,,a_enrichir
Ohana & Co.,Boutique M&A élite,elite,57.5,,,,a_enrichir
Perella Weinberg,Boutique M&A élite,elite,57.5,,,,a_enrichir
Perella Weinberg Partners,Boutique M&A élite,elite,57.5,,,,a_enrichir
PJT Partners,Boutique M&A élite,elite,57.5,,,,a_enrichir
Results International,Boutique M&A élite,elite,57.5,,,,a_enrichir
Rothschild & Co,Boutique M&A élite,elite,57.5,,,,a_enrichir
Solomon Partners,Boutique M&A élite,elite,57.5,,,,a_enrichir
William Blair France,Boutique M&A élite,elite,57.5,,,,a_enrichir
Zaoui & Co.,Boutique M&A élite,elite,57.5,,,,a_enrichir
Accuracy Debt Advisory,Debt Advisory,cible,55.8,,,,a_enrichir
Alantra Debt Advisory,Debt Advisory,cible,55.8,,,,a_enrichir
Ardian Private Debt,Debt Advisory,cible,55.8,,,,a_enrichir
Astris Finance,Debt Advisory,cible,55.8,,,,a_enrichir
"Astris Finance, LLC",Debt Advisory,cible,55.8,,,,a_enrichir
Blackstone Credit,Debt Advisory,cible,55.8,,,,a_enrichir
Capza Debt,Debt Advisory,cible,55.8,,,,a_enrichir
Clearwater Debt Advisory,Debt Advisory,cible,55.8,,,,a_enrichir
Crédit Agricole Debt Advisory,Debt Advisory,cible,55.8,,,,a_enrichir
DC Advisory Debt,Debt Advisory,cible,55.8,,,,a_enrichir
Deloitte Debt & Capital Advisory,Debt Advisory,cible,55.8,,,,a_enrichir
Eight Advisory Debt,Debt Advisory,cible,55.8,,,,a_enrichir
Eurazeo Private Debt,Debt Advisory,cible,55.8,,,,a_enrichir
MV Credit,Debt Advisory,cible,55.8,,,,a_enrichir
Omnes Private Debt,Debt Advisory,cible,55.8,,,,a_enrichir
Société Générale Debt Advisory,Debt Advisory,cible,55.8,,,,a_enrichir
AFD - Agence Française de Développement,Corporate Venture / Corp Dev,cible,50.9,,,,a_enrichir
Air Liquide Venture Capital,Corporate Venture / Corp Dev,cible,50.9,,,,a_enrichir
Akka Venture,Corporate Venture / Corp Dev,cible,50.9,,,,a_enrichir
Axeleo Capital,Corporate Venture / Corp Dev,cible,50.9,,,,a_enrichir
Bouygues Telecom Initiatives,Corporate Venture / Corp Dev,cible,50.9,,,,a_enrichir
Bpifrance Digital Venture,Corporate Venture / Corp Dev,cible,50.9,,,,a_enrichir
CMA CGM Ventures,Corporate Venture / Corp Dev,cible,50.9,,,,a_enrichir
EDF Invest,Corporate Venture / Corp Dev,cible,50.9,,,,a_enrichir
EDF Pulse Ventures,Corporate Venture / Corp Dev,cible,50.9,,,,a_enrichir
Engie New Ventures,Corporate Venture / Corp Dev,cible,50.9,,,,a_enrichir
FMO - Dutch entrepreneurial development bank,Corporate Venture / Corp Dev,cible,50.9,,,,a_enrichir
InnoEnergy,Corporate Venture / Corp Dev,cible,50.9,,,,a_enrichir
La Poste Finance,Corporate Venture / Corp Dev,cible,50.9,,,,a_enrichir
L'Oreal Finance,Corporate Venture / Corp Dev,cible,50.9,,,,a_enrichir
LVMH Luxury Ventures,Corporate Venture / Corp Dev,cible,50.9,,,,a_enrichir
MAIF Avenir,Corporate Venture / Corp Dev,cible,50.9,,,,a_enrichir
Michelin Ventures,Corporate Venture / Corp Dev,cible,50.9,,,,a_enrichir
Motier Ventures,Corporate Venture / Corp Dev,cible,50.9,,,,a_enrichir
Orange Ventures,Corporate Venture / Corp Dev,cible,50.9,,,,a_enrichir
Proparco,Corporate Venture / Corp Dev,cible,50.9,,,,a_enrichir
Publicis Finance,Corporate Venture / Corp Dev,cible,50.9,,,,a_enrichir
RATP Capital Innovation,Corporate Venture / Corp Dev,cible,50.9,,,,a_enrichir
Saint-Gobain Ventures,Corporate Venture / Corp Dev,cible,50.9,,,,a_enrichir
SEB Alliance,Corporate Venture / Corp Dev,cible,50.9,,,,a_enrichir
SNCF Digital Ventures,Corporate Venture / Corp Dev,cible,50.9,,,,a_enrichir
TotalEnergies Ventures,Corporate Venture / Corp Dev,cible,50.9,,,,a_enrichir
Unibail-Rodamco-Westfield,Corporate Venture / Corp Dev,cible,50.9,,,,a_enrichir
Valeo Ventures,Corporate Venture / Corp Dev,cible,50.9,,,,a_enrichir
Veolia Ventures,Corporate Venture / Corp Dev,cible,50.9,,,,a_enrichir
Vivendi Finance,Corporate Venture / Corp Dev,cible,50.9,,,,a_enrichir
123 Investment Managers,Fonds PE / VC (mid),cible,48.4,,,,a_enrichir
199 Ventures,Fonds PE / VC (mid),cible,48.4,,,,a_enrichir
21 Centrale Partners,Fonds PE / VC (mid),cible,48.4,,,,a_enrichir
21 Invest France,Fonds PE / VC (mid),cible,48.4,,,,a_enrichir
2A Capital,Fonds PE / VC (mid),cible,48.4,,,,a_enrichir
3i France,Fonds PE / VC (mid),cible,48.4,,,,a_enrichir
50 Partners,Fonds PE / VC (mid),cible,48.4,,,,a_enrichir
50 Partners Health,Fonds PE / VC (mid),cible,48.4,,,,a_enrichir
Aalps Capital,Fonds PE / VC (mid),cible,48.4,,,,a_enrichir
Abergel Associés,Fonds PE / VC (mid),cible,48.4,,,,a_enrichir
Access Capital Partners,Fonds PE / VC (mid),cible,48.4,,,,a_enrichir
ACE Management,Fonds PE / VC (mid),cible,48.4,,,,a_enrichir
ACG Management,Fonds PE / VC (mid),cible,48.4,,,,a_enrichir
Activa,Fonds PE / VC (mid),cible,48.4,,,,a_enrichir
Actoria,Fonds PE / VC (mid),cible,48.4,,,,a_enrichir
Adagia Partners,Fonds PE / VC (mid),cible,48.4,,,,a_enrichir
Adaxtra Capital,Fonds PE / VC (mid),cible,48.4,,,,a_enrichir
AdBio Partners,Fonds PE / VC (mid),cible,48.4,,,,a_enrichir
Adeva,Fonds PE / VC (mid),cible,48.4,,,,a_enrichir
Adicial,Fonds PE / VC (mid),cible,48.4,,,,a_enrichir
Adna Partners,Fonds PE / VC (mid),cible,48.4,,,,a_enrichir
Advent France Biotechnology,Fonds PE / VC (mid),cible,48.4,,,,a_enrichir
Afival,Fonds PE / VC (mid),cible,48.4,,,,a_enrichir
Africinvest Europe,Fonds PE / VC (mid),cible,48.4,,,,a_enrichir
AIX Investment Group,Fonds PE / VC (mid),cible,48.4,,,,a_enrichir
Allenor Capital,Fonds PE / VC (mid),cible,48.4,,,,a_enrichir
Alliance Entreprendre,Fonds PE / VC (mid),cible,48.4,,,,a_enrichir
Allianz X France,Fonds PE / VC (mid),cible,48.4,,,,a_enrichir
Allinvest,Fonds PE / VC (mid),cible,48.4,,,,a_enrichir
Alma Partners,Fonds PE / VC (mid),cible,48.4,,,,a_enrichir
Aloe Private Equity,Fonds PE / VC (mid),cible,48.4,,,,a_enrichir
Alpes Capital Innovation,Fonds PE / VC (mid),cible,48.4,,,,a_enrichir
Alpha Private Equity,Fonds PE / VC (mid),cible,48.4,,,,a_enrichir
Alter Equity,Fonds PE / VC (mid),cible,48.4,,,,a_enrichir
Alto Invest,Fonds PE / VC (mid),cible,48.4,,,,a_enrichir
Altur Investissement,Fonds PE / VC (mid),cible,48.4,,,,a_enrichir
Alven,Fonds PE / VC (mid),cible,48.4,,,,a_enrichir
Amethis,Fonds PE / VC (mid),cible,48.4,,,,a_enrichir
Anaxago Capital,Fonds PE / VC (mid),cible,48.4,,,,a_enrichir
Andera Partners,Fonds PE / VC (mid),cible,48.4,,,,a_enrichir
Angelor,Fonds PE / VC (mid),cible,48.4,,,,a_enrichir
Aonia Ventures,Fonds PE / VC (mid),cible,48.4,,,,a_enrichir
AP Management,Fonds PE / VC (mid),cible,48.4,,,,a_enrichir
Apicap,Fonds PE / VC (mid),cible,48.4,,,,a_enrichir
Aplitec,Fonds PE / VC (mid),cible,48.4,,,,a_enrichir
Approbans,Fonds PE / VC (mid),cible,48.4,,,,a_enrichir
Aquasourca,Fonds PE / VC (mid),cible,48.4,,,,a_enrichir
Aquiti Gestion,Fonds PE / VC (mid),cible,48.4,,,,a_enrichir
Arc Capital,Fonds PE / VC (mid),cible,48.4,,,,a_enrichir
Arcéane,Fonds PE / VC (mid),cible,48.4,,,,a_enrichir
ARCHIMED,Fonds PE / VC (mid),cible,48.4,,,,a_enrichir
Arganto,Fonds PE / VC (mid),cible,48.4,,,,a_enrichir
Argos Fund,Fonds PE / VC (mid),cible,48.4,,,,a_enrichir
Aristea,Fonds PE / VC (mid),cible,48.4,,,,a_enrichir
Arkarys,Fonds PE / VC (mid),cible,48.4,,,,a_enrichir
Arkéa Capital,Fonds PE / VC (mid),cible,48.4,,,,a_enrichir
Arts Et Biens,Fonds PE / VC (mid),cible,48.4,,,,a_enrichir
Aster Capital,Fonds PE / VC (mid),cible,48.4,,,,a_enrichir
ATFIS,Fonds PE / VC (mid),cible,48.4,,,,a_enrichir
Athos Partners,Fonds PE / VC (mid),cible,48.4,,,,a_enrichir
Atream,Fonds PE / VC (mid),cible,48.4,,,,a_enrichir
Audacia,Fonds PE / VC (mid),cible,48.4,,,,a_enrichir
AUDENTIA CAPITAL Group,Fonds PE / VC (mid),cible,48.4,,,,a_enrichir
Auriga Partners,Fonds PE / VC (mid),cible,48.4,,,,a_enrichir
Aurys,Fonds PE / VC (mid),cible,48.4,,,,a_enrichir
Auxitex,Fonds PE / VC (mid),cible,48.4,,,,a_enrichir
A-Venture,Fonds PE / VC (mid),cible,48.4,,,,a_enrichir
AXA Venture Partners,Fonds PE / VC (mid),cible,48.4,,,,a_enrichir
Axemedia,Fonds PE / VC (mid),cible,48.4,,,,a_enrichir
Axio Capital,Fonds PE / VC (mid),cible,48.4,,,,a_enrichir
Axonia,Fonds PE / VC (mid),cible,48.4,,,,a_enrichir
B & Capital,Fonds PE / VC (mid),cible,48.4,,,,a_enrichir
Banque Populaire Auvergne Rhône Alpes,Fonds PE / VC (mid),cible,48.4,,,,a_enrichir
Barber Hauler Capital Advisers,Fonds PE / VC (mid),cible,48.4,,,,a_enrichir
Bati Defi,Fonds PE / VC (mid),cible,48.4,,,,a_enrichir
BAYCAP,Fonds PE / VC (mid),cible,48.4,,,,a_enrichir
Becouze,Fonds PE / VC (mid),cible,48.4,,,,a_enrichir
Bee Up Capital,Fonds PE / VC (mid),cible,48.4,,,,a_enrichir
BEX Capital,Fonds PE / VC (mid),cible,48.4,,,,a_enrichir
BFG CAPITAL,Fonds PE / VC (mid),cible,48.4,,,,a_enrichir
BlackFin Capital Partners,Fonds PE / VC (mid),cible,48.4,,,,a_enrichir
BlackFin Tech,Fonds PE / VC (mid),cible,48.4,,,,a_enrichir
Blanche Capital,Fonds PE / VC (mid),cible,48.4,,,,a_enrichir
Blueprint Partners,Fonds PE / VC (mid),cible,48.4,,,,a_enrichir
BlueSword,Fonds PE / VC (mid),cible,48.4,,,,a_enrichir
Bpifrance Deeptech,Fonds PE / VC (mid),cible,48.4,,,,a_enrichir
Breega,Fonds PE / VC (mid),cible,48.4,,,,a_enrichir
Breizh Rebond,Fonds PE / VC (mid),cible,48.4,,,,a_enrichir
Butler Capital Partners,Fonds PE / VC (mid),cible,48.4,,,,a_enrichir
BV CAPITAL AFRICA,Fonds PE / VC (mid),cible,48.4,,,,a_enrichir
Cabinet Richemont,Fonds PE / VC (mid),cible,48.4,,,,a_enrichir
Cadenac,Fonds PE / VC (mid),cible,48.4,,,,a_enrichir
Cairn Partners,Fonds PE / VC (mid),cible,48.4,,,,a_enrichir
Calcium Capital,Fonds PE / VC (mid),cible,48.4,,,,a_enrichir
Camerone Capital,Fonds PE / VC (mid),cible,48.4,,,,a_enrichir
Capagro,Fonds PE / VC (mid),cible,48.4,,,,a_enrichir
CapDécisif Management,Fonds PE / VC (mid),cible,48.4,,,,a_enrichir
Capelia,Fonds PE / VC (mid),cible,48.4,,,,a_enrichir
Caphorn Invest,Fonds PE / VC (mid),cible,48.4,,,,a_enrichir
Capital Croissance,Fonds PE / VC (mid),cible,48.4,,,,a_enrichir
Capital Export,Fonds PE / VC (mid),cible,48.4,,,,a_enrichir
Capital Grand Est,Fonds PE / VC (mid),cible,48.4,,,,a_enrichir
Capitem Partenaires,Fonds PE / VC (mid),cible,48.4,,,,a_enrichir
Carmine Capital,Fonds PE / VC (mid),cible,48.4,,,,a_enrichir
Cathay Capital,Fonds PE / VC (mid),cible,48.4,,,,a_enrichir
CDC Croissance,Fonds PE / VC (mid),cible,48.4,,,,a_enrichir
CDG Invest Growth,Fonds PE / VC (mid),cible,48.4,,,,a_enrichir
Centre Capital Développement,Fonds PE / VC (mid),cible,48.4,,,,a_enrichir
CFI France,Fonds PE / VC (mid),cible,48.4,,,,a_enrichir
CITA Investissement,Fonds PE / VC (mid),cible,48.4,,,,a_enrichir
Citizen Capital,Fonds PE / VC (mid),cible,48.4,,,,a_enrichir
City Star Industry Investment,Fonds PE / VC (mid),cible,48.4,,,,a_enrichir
Cobalt Capital,Fonds PE / VC (mid),cible,48.4,,,,a_enrichir
Cobepa,Fonds PE / VC (mid),cible,48.4,,,,a_enrichir
Cofiloisirs,Fonds PE / VC (mid),cible,48.4,,,,a_enrichir
Cogep,Fonds PE / VC (mid),cible,48.4,,,,a_enrichir
Cogeparc,Fonds PE / VC (mid),cible,48.4,,,,a_enrichir
Cohesium Entrepreneurs,Fonds PE / VC (mid),cible,48.4,,,,a_enrichir
Colbert Développement,Fonds PE / VC (mid),cible,48.4,,,,a_enrichir
Connect Pro,Fonds PE / VC (mid),cible,48.4,,,,a_enrichir
Crédit Agricole Régions - Carvest,Fonds PE / VC (mid),cible,48.4,,,,a_enrichir
Credit Mutuel Equity,Fonds PE / VC (mid),cible,48.4,,,,a_enrichir
Crédit Mutuel Equity,Fonds PE / VC (mid),cible,48.4,,,,a_enrichir
Croissance Partenaires,Fonds PE / VC (mid),cible,48.4,,,,a_enrichir
CY Capital,Fonds PE / VC (mid),cible,48.4,,,,a_enrichir
Cygnum Capital,Fonds PE / VC (mid),cible,48.4,,,,a_enrichir
Daphni,Fonds PE / VC (mid),cible,48.4,,,,a_enrichir
DCP Capital,Fonds PE / VC (mid),cible,48.4,,,,a_enrichir
DD&A Company,Fonds PE / VC (mid),cible,48.4,,,,a_enrichir
Demea Sustainable Investment,Fonds PE / VC (mid),cible,48.4,,,,a_enrichir
Deomenos,Fonds PE / VC (mid),cible,48.4,,,,a_enrichir
Deva Capital,Fonds PE / VC (mid),cible,48.4,,,,a_enrichir
Ecap Partner,Fonds PE / VC (mid),cible,48.4,,,,a_enrichir
Eiffel IG,Fonds PE / VC (mid),cible,48.4,,,,a_enrichir
EIFFEL Investment Group,Fonds PE / VC (mid),cible,48.4,,,,a_enrichir
Elaia,Fonds PE / VC (mid),cible,48.4,,,,a_enrichir
Elaia Partners,Fonds PE / VC (mid),cible,48.4,,,,a_enrichir
Elephants & Ventures / Hardware Club,Fonds PE / VC (mid),cible,48.4,,,,a_enrichir
Elige Capital,Fonds PE / VC (mid),cible,48.4,,,,a_enrichir
Elvaston Capital Management,Fonds PE / VC (mid),cible,48.4,,,,a_enrichir
Entrepreneur Venture,Fonds PE / VC (mid),cible,48.4,,,,a_enrichir
Éponyme Partners,Fonds PE / VC (mid),cible,48.4,,,,a_enrichir
Epopée Gestion,Fonds PE / VC (mid),cible,48.4,,,,a_enrichir
Equalis Capital,Fonds PE / VC (mid),cible,48.4,,,,a_enrichir
Equinox Industries,Fonds PE / VC (mid),cible,48.4,,,,a_enrichir
Equitis Gestion,Fonds PE / VC (mid),cible,48.4,,,,a_enrichir
Esfin Gestion,Fonds PE / VC (mid),cible,48.4,,,,a_enrichir
E-Spring Capital,Fonds PE / VC (mid),cible,48.4,,,,a_enrichir
Eurefi,Fonds PE / VC (mid),cible,48.4,,,,a_enrichir
Euro Capital,Fonds PE / VC (mid),cible,48.4,,,,a_enrichir
Exocea,Fonds PE / VC (mid),cible,48.4,,,,a_enrichir
Expansinvest,Fonds PE / VC (mid),cible,48.4,,,,a_enrichir
Expen,Fonds PE / VC (mid),cible,48.4,,,,a_enrichir
Experienced Capital Partners,Fonds PE / VC (mid),cible,48.4,,,,a_enrichir
Extendam,Fonds PE / VC (mid),cible,48.4,,,,a_enrichir
Extens,Fonds PE / VC (mid),cible,48.4,,,,a_enrichir
Fa Dièse,Fonds PE / VC (mid),cible,48.4,,,,a_enrichir
Fair West,Fonds PE / VC (mid),cible,48.4,,,,a_enrichir
Femuqui Ventures,Fonds PE / VC (mid),cible,48.4,,,,a_enrichir
Fidexpert,Fonds PE / VC (mid),cible,48.4,,,,a_enrichir
FIGEC,Fonds PE / VC (mid),cible,48.4,,,,a_enrichir
Financière Florentine,Fonds PE / VC (mid),cible,48.4,,,,a_enrichir
Financière Monceau,Fonds PE / VC (mid),cible,48.4,,,,a_enrichir
Financière Pouyanne,Fonds PE / VC (mid),cible,48.4,,,,a_enrichir
Finorpa,Fonds PE / VC (mid),cible,48.4,,,,a_enrichir
Finorpa Gestion,Fonds PE / VC (mid),cible,48.4,,,,a_enrichir
Finovam Gestion,Fonds PE / VC (mid),cible,48.4,,,,a_enrichir
FirstCap Equity Management,Fonds PE / VC (mid),cible,48.4,,,,a_enrichir
Fiteco,Fonds PE / VC (mid),cible,48.4,,,,a_enrichir
Five Arrows,Fonds PE / VC (mid),cible,48.4,,,,a_enrichir
FnB Private Equity,Fonds PE / VC (mid),cible,48.4,,,,a_enrichir
Foreis,Fonds PE / VC (mid),cible,48.4,,,,a_enrichir
Fort Capital Partners,Fonds PE / VC (mid),cible,48.4,,,,a_enrichir
Founders Future,Fonds PE / VC (mid),cible,48.4,,,,a_enrichir
FrenchFood Capital,Fonds PE / VC (mid),cible,48.4,,,,a_enrichir
Frst,Fonds PE / VC (mid),cible,48.4,,,,a_enrichir
Galia Gestion,Fonds PE / VC (mid),cible,48.4,,,,a_enrichir
Galiena Capital,Fonds PE / VC (mid),cible,48.4,,,,a_enrichir
Garibaldi Participations,Fonds PE / VC (mid),cible,48.4,,,,a_enrichir
GEI - Poincaré Gestion,Fonds PE / VC (mid),cible,48.4,,,,a_enrichir
Geneo Capital Entrepreneur,Fonds PE / VC (mid),cible,48.4,,,,a_enrichir
Generis Capital Partners,Fonds PE / VC (mid),cible,48.4,,,,a_enrichir
Gimv,Fonds PE / VC (mid),cible,48.4,,,,a_enrichir
GO Capital,Fonds PE / VC (mid),cible,48.4,,,,a_enrichir
Good Founders,Fonds PE / VC (mid),cible,48.4,,,,a_enrichir
Gottengreen,Fonds PE / VC (mid),cible,48.4,,,,a_enrichir
Great Hill Partners,Fonds PE / VC (mid),cible,48.4,,,,a_enrichir
Groupe Cesacq,Fonds PE / VC (mid),cible,48.4,,,,a_enrichir
Groupe Dedia,Fonds PE / VC (mid),cible,48.4,,,,a_enrichir
Groupe IRD,Fonds PE / VC (mid),cible,48.4,,,,a_enrichir
Growth Capital,Fonds PE / VC (mid),cible,48.4,,,,a_enrichir
GUILD CAPITAL,Fonds PE / VC (mid),cible,48.4,,,,a_enrichir
Hi Inov,Fonds PE / VC (mid),cible,48.4,,,,a_enrichir
Hôtel Investissement Capital,Fonds PE / VC (mid),cible,48.4,,,,a_enrichir
iBionext,Fonds PE / VC (mid),cible,48.4,,,,a_enrichir
Ici Capital,Fonds PE / VC (mid),cible,48.4,,,,a_enrichir
Idawa Capital,Fonds PE / VC (mid),cible,48.4,,,,a_enrichir
I-Deal Development,Fonds PE / VC (mid),cible,48.4,,,,a_enrichir
IDI,Fonds PE / VC (mid),cible,48.4,,,,a_enrichir
IDIA,Fonds PE / VC (mid),cible,48.4,,,,a_enrichir
IDIA Capital Investissement,Fonds PE / VC (mid),cible,48.4,,,,a_enrichir
Idinvest Partners,Fonds PE / VC (mid),cible,48.4,,,,a_enrichir
Impact Expansion,Fonds PE / VC (mid),cible,48.4,,,,a_enrichir
Impact Fundry,Fonds PE / VC (mid),cible,48.4,,,,a_enrichir
IMPACT Partners,Fonds PE / VC (mid),cible,48.4,,,,a_enrichir
Inco Ventures,Fonds PE / VC (mid),cible,48.4,,,,a_enrichir
Indigo Capital,Fonds PE / VC (mid),cible,48.4,,,,a_enrichir
Inflexion Points Technology Partners,Fonds PE / VC (mid),cible,48.4,,,,a_enrichir
Inflexion Points Technology Partners (IPTP),Fonds PE / VC (mid),cible,48.4,,,,a_enrichir
Infravia,Fonds PE / VC (mid),cible,48.4,,,,a_enrichir
Ingefin,Fonds PE / VC (mid),cible,48.4,,,,a_enrichir
Initia,Fonds PE / VC (mid),cible,48.4,,,,a_enrichir
Innovacom,Fonds PE / VC (mid),cible,48.4,,,,a_enrichir
Innovafonds,Fonds PE / VC (mid),cible,48.4,,,,a_enrichir
Inocap,Fonds PE / VC (mid),cible,48.4,,,,a_enrichir
Inspirit Partners,Fonds PE / VC (mid),cible,48.4,,,,a_enrichir
Inter Invest Capital,Fonds PE / VC (mid),cible,48.4,,,,a_enrichir
Intuitu Partners,Fonds PE / VC (mid),cible,48.4,,,,a_enrichir
Invesis,Fonds PE / VC (mid),cible,48.4,,,,a_enrichir
InVivo Invest,Fonds PE / VC (mid),cible,48.4,,,,a_enrichir
IRD Gestion,Fonds PE / VC (mid),cible,48.4,,,,a_enrichir
IRDI Capital Investissement,Fonds PE / VC (mid),cible,48.4,,,,a_enrichir
IRDI Soridec Gestion,Fonds PE / VC (mid),cible,48.4,,,,a_enrichir
Iris Capital,Fonds PE / VC (mid),cible,48.4,,,,a_enrichir
IRPAC,Fonds PE / VC (mid),cible,48.4,,,,a_enrichir
ISAI,Fonds PE / VC (mid),cible,48.4,,,,a_enrichir
ISAI Gestion,Fonds PE / VC (mid),cible,48.4,,,,a_enrichir
Isati Capital,Fonds PE / VC (mid),cible,48.4,,,,a_enrichir
Isatis Capital,Fonds PE / VC (mid),cible,48.4,,,,a_enrichir
IT-Translation,Fonds PE / VC (mid),cible,48.4,,,,a_enrichir
iXO Private Equity,Fonds PE / VC (mid),cible,48.4,,,,a_enrichir
Jacana Invest,Fonds PE / VC (mid),cible,48.4,,,,a_enrichir
JMYX Holding,Fonds PE / VC (mid),cible,48.4,,,,a_enrichir
Jolt Capital,Fonds PE / VC (mid),cible,48.4,,,,a_enrichir
Kane Capital Partners,Fonds PE / VC (mid),cible,48.4,,,,a_enrichir
K'Développement,Fonds PE / VC (mid),cible,48.4,,,,a_enrichir
Kerala Ventures,Fonds PE / VC (mid),cible,48.4,,,,a_enrichir
Kickston,Fonds PE / VC (mid),cible,48.4,,,,a_enrichir
Kima Ventures,Fonds PE / VC (mid),cible,48.4,,,,a_enrichir
Korelya Capital,Fonds PE / VC (mid),cible,48.4,,,,a_enrichir
Kreaxi,Fonds PE / VC (mid),cible,48.4,,,,a_enrichir
Kross Partner,Fonds PE / VC (mid),cible,48.4,,,,a_enrichir
Kurma Partners,Fonds PE / VC (mid),cible,48.4,,,,a_enrichir
La Compagnie Financière du Lion,Fonds PE / VC (mid),cible,48.4,,,,a_enrichir
Lazard Elaia Capital,Fonds PE / VC (mid),cible,48.4,,,,a_enrichir
Lazard France,Fonds PE / VC (mid),cible,48.4,,,,a_enrichir
LBO France,Fonds PE / VC (mid),cible,48.4,,,,a_enrichir
LeFonds Capital,Fonds PE / VC (mid),cible,48.4,,,,a_enrichir
l'Eprevier Capital,Fonds PE / VC (mid),cible,48.4,,,,a_enrichir
LEVY CAPITAL PARTNERS,Fonds PE / VC (mid),cible,48.4,,,,a_enrichir
LFC Partners,Fonds PE / VC (mid),cible,48.4,,,,a_enrichir
LFPI,Fonds PE / VC (mid),cible,48.4,,,,a_enrichir
Linkapital,Fonds PE / VC (mid),cible,48.4,,,,a_enrichir
LT Capital,Fonds PE / VC (mid),cible,48.4,,,,a_enrichir
LVB Capital,Fonds PE / VC (mid),cible,48.4,,,,a_enrichir
M Capital Partners,Fonds PE / VC (mid),cible,48.4,,,,a_enrichir
Matignon Investissement et Gestion,Fonds PE / VC (mid),cible,48.4,,,,a_enrichir
Mawenzi Partners,Fonds PE / VC (mid),cible,48.4,,,,a_enrichir
Maydane Capital,Fonds PE / VC (mid),cible,48.4,,,,a_enrichir
MBO Partenaires,Fonds PE / VC (mid),cible,48.4,,,,a_enrichir
MBO+,Fonds PE / VC (mid),cible,48.4,,,,a_enrichir
Merieux Equity Partners,Fonds PE / VC (mid),cible,48.4,,,,a_enrichir
MML Capital,Fonds PE / VC (mid),cible,48.4,,,,a_enrichir
MML Capital Partners,Fonds PE / VC (mid),cible,48.4,,,,a_enrichir
Momentum Invest,Fonds PE / VC (mid),cible,48.4,,,,a_enrichir
Montefiore Investment,Fonds PE / VC (mid),cible,48.4,,,,a_enrichir
Motion Equity Partners,Fonds PE / VC (mid),cible,48.4,,,,a_enrichir
Multeam,Fonds PE / VC (mid),cible,48.4,,,,a_enrichir
Multicroissance,Fonds PE / VC (mid),cible,48.4,,,,a_enrichir
Naxicap Partners,Fonds PE / VC (mid),cible,48.4,,,,a_enrichir
NCI,Fonds PE / VC (mid),cible,48.4,,,,a_enrichir
NewAlpha Verto,Fonds PE / VC (mid),cible,48.4,,,,a_enrichir
Newfund,Fonds PE / VC (mid),cible,48.4,,,,a_enrichir
NEXO Capital,Fonds PE / VC (mid),cible,48.4,,,,a_enrichir
NextStage AM,Fonds PE / VC (mid),cible,48.4,,,,a_enrichir
NiXEN,Fonds PE / VC (mid),cible,48.4,,,,a_enrichir
Nord Capital Investissement,Fonds PE / VC (mid),cible,48.4,,,,a_enrichir
Nord Capital Partenaires,Fonds PE / VC (mid),cible,48.4,,,,a_enrichir
Nord Croissance,Fonds PE / VC (mid),cible,48.4,,,,a_enrichir
Odeis,Fonds PE / VC (mid),cible,48.4,,,,a_enrichir
Odelia Capital,Fonds PE / VC (mid),cible,48.4,,,,a_enrichir
Odiceo,Fonds PE / VC (mid),cible,48.4,,,,a_enrichir
Odyssee Venture,Fonds PE / VC (mid),cible,48.4,,,,a_enrichir
Omnes Capital,Fonds PE / VC (mid),cible,48.4,,,,a_enrichir
OneStone,Fonds PE / VC (mid),cible,48.4,,,,a_enrichir
OpenAxis,Fonds PE / VC (mid),cible,48.4,,,,a_enrichir
Openstone,Fonds PE / VC (mid),cible,48.4,,,,a_enrichir
Opione,Fonds PE / VC (mid),cible,48.4,,,,a_enrichir
Opsione,Fonds PE / VC (mid),cible,48.4,,,,a_enrichir
Orfite,Fonds PE / VC (mid),cible,48.4,,,,a_enrichir
Ouest Croissance,Fonds PE / VC (mid),cible,48.4,,,,a_enrichir
OVNI Capital,Fonds PE / VC (mid),cible,48.4,,,,a_enrichir
OZERUS,Fonds PE / VC (mid),cible,48.4,,,,a_enrichir
P2C Partners,Fonds PE / VC (mid),cible,48.4,,,,a_enrichir
Palatine,Fonds PE / VC (mid),cible,48.4,,,,a_enrichir
Paluel-Marmont Capital,Fonds PE / VC (mid),cible,48.4,,,,a_enrichir
Paris Angels Capital,Fonds PE / VC (mid),cible,48.4,,,,a_enrichir
Partech,Fonds PE / VC (mid),cible,48.4,,,,a_enrichir
Partech Growth,Fonds PE / VC (mid),cible,48.4,,,,a_enrichir
Parvilla,Fonds PE / VC (mid),cible,48.4,,,,a_enrichir
Paxter,Fonds PE / VC (mid),cible,48.4,,,,a_enrichir
Pays de la Loire Participations,Fonds PE / VC (mid),cible,48.4,,,,a_enrichir
Pechel Industries,Fonds PE / VC (mid),cible,48.4,,,,a_enrichir
Phillimore,Fonds PE / VC (mid),cible,48.4,,,,a_enrichir
PKF Arsilon,Fonds PE / VC (mid),cible,48.4,,,,a_enrichir
Platina,Fonds PE / VC (mid),cible,48.4,,,,a_enrichir
Platina Partners,Fonds PE / VC (mid),cible,48.4,,,,a_enrichir
Pléiade Investissement,Fonds PE / VC (mid),cible,48.4,,,,a_enrichir
Pléiade Venture,Fonds PE / VC (mid),cible,48.4,,,,a_enrichir
PolEquity,Fonds PE / VC (mid),cible,48.4,,,,a_enrichir
Potentia Capital,Fonds PE / VC (mid),cible,48.4,,,,a_enrichir
Prasuta Capital,Fonds PE / VC (mid),cible,48.4,,,,a_enrichir
Quadrille Capital,Fonds PE / VC (mid),cible,48.4,,,,a_enrichir
Rainmakers & Partners,Fonds PE / VC (mid),cible,48.4,,,,a_enrichir
Raise Impact,Fonds PE / VC (mid),cible,48.4,,,,a_enrichir
RBA Groupe,Fonds PE / VC (mid),cible,48.4,,,,a_enrichir
Reach Capital,Fonds PE / VC (mid),cible,48.4,,,,a_enrichir
Reach Capital | Private Assets Advisor,Fonds PE / VC (mid),cible,48.4,,,,a_enrichir
Re-Sources Capital,Fonds PE / VC (mid),cible,48.4,,,,a_enrichir
Revaia,Fonds PE / VC (mid),cible,48.4,,,,a_enrichir
Rhone Alpes PME Gestion,Fonds PE / VC (mid),cible,48.4,,,,a_enrichir
Ring Capital,Fonds PE / VC (mid),cible,48.4,,,,a_enrichir
Saci Reberty,Fonds PE / VC (mid),cible,48.4,,,,a_enrichir
Samothrace,Fonds PE / VC (mid),cible,48.4,,,,a_enrichir
Séné & Cie,Fonds PE / VC (mid),cible,48.4,,,,a_enrichir
Sénévé Capital,Fonds PE / VC (mid),cible,48.4,,,,a_enrichir
Serena,Fonds PE / VC (mid),cible,48.4,,,,a_enrichir
Serena Capital,Fonds PE / VC (mid),cible,48.4,,,,a_enrichir
Sevenstones,Fonds PE / VC (mid),cible,48.4,,,,a_enrichir
Side Capital,Fonds PE / VC (mid),cible,48.4,,,,a_enrichir
Sigma Gestion,Fonds PE / VC (mid),cible,48.4,,,,a_enrichir
Siparex,Fonds PE / VC (mid),cible,48.4,,,,a_enrichir
Smalt Capital,Fonds PE / VC (mid),cible,48.4,,,,a_enrichir
Smart Entrepreneurs Partners,Fonds PE / VC (mid),cible,48.4,,,,a_enrichir
Sofimac Investment Managers,Fonds PE / VC (mid),cible,48.4,,,,a_enrichir
Sofinnova Partners,Fonds PE / VC (mid),cible,48.4,,,,a_enrichir
Sofipaca,Fonds PE / VC (mid),cible,48.4,,,,a_enrichir
Solexia,Fonds PE / VC (mid),cible,48.4,,,,a_enrichir
Sopagex,Fonds PE / VC (mid),cible,48.4,,,,a_enrichir
Soregor,Fonds PE / VC (mid),cible,48.4,,,,a_enrichir
Source Ventures,Fonds PE / VC (mid),cible,48.4,,,,a_enrichir
Spadel Capital,Fonds PE / VC (mid),cible,48.4,,,,a_enrichir
SPE Capital,Fonds PE / VC (mid),cible,48.4,,,,a_enrichir
Spring Lab,Fonds PE / VC (mid),cible,48.4,,,,a_enrichir
SR Investment Partners,Fonds PE / VC (mid),cible,48.4,,,,a_enrichir
Starquest Capital,Fonds PE / VC (mid),cible,48.4,,,,a_enrichir
Stella - Private Equity,Fonds PE / VC (mid),cible,48.4,,,,a_enrichir
Super Capital,Fonds PE / VC (mid),cible,48.4,,,,a_enrichir
Synercom France,Fonds PE / VC (mid),cible,48.4,,,,a_enrichir
Tertium Management,Fonds PE / VC (mid),cible,48.4,,,,a_enrichir
TH Global Capital,Fonds PE / VC (mid),cible,48.4,,,,a_enrichir
The Riverside Company,Fonds PE / VC (mid),cible,48.4,,,,a_enrichir
Tioopo Capital,Fonds PE / VC (mid),cible,48.4,,,,a_enrichir
Transaxiall,Fonds PE / VC (mid),cible,48.4,,,,a_enrichir
Tudigo,Fonds PE / VC (mid),cible,48.4,,,,a_enrichir
Turenne Groupe,Fonds PE / VC (mid),cible,48.4,,,,a_enrichir
Turenne Hôtellerie,Fonds PE / VC (mid),cible,48.4,,,,a_enrichir
UI Investissement,Fonds PE / VC (mid),cible,48.4,,,,a_enrichir
UL Invest,Fonds PE / VC (mid),cible,48.4,,,,a_enrichir
Unexo,Fonds PE / VC (mid),cible,48.4,,,,a_enrichir
UNIKAP,Fonds PE / VC (mid),cible,48.4,,,,a_enrichir
Valexcel,Fonds PE / VC (mid),cible,48.4,,,,a_enrichir
Valoris Capital,Fonds PE / VC (mid),cible,48.4,,,,a_enrichir
Valphi,Fonds PE / VC (mid),cible,48.4,,,,a_enrichir
Vantrust Capital,Fonds PE / VC (mid),cible,48.4,,,,a_enrichir
Ventech,Fonds PE / VC (mid),cible,48.4,,,,a_enrichir
Viou Gouron,Fonds PE / VC (mid),cible,48.4,,,,a_enrichir
Vivalto Partners,Fonds PE / VC (mid),cible,48.4,,,,a_enrichir
Walter France,Fonds PE / VC (mid),cible,48.4,,,,a_enrichir
William Nahum Associés & Partenaires,Fonds PE / VC (mid),cible,48.4,,,,a_enrichir
Windcliff Partners,Fonds PE / VC (mid),cible,48.4,,,,a_enrichir
XAnge,Fonds PE / VC (mid),cible,48.4,,,,a_enrichir
XRC Ventures,Fonds PE / VC (mid),cible,48.4,,,,a_enrichir
Yotta Capital Partners,Fonds PE / VC (mid),cible,48.4,,,,a_enrichir
ABN AMRO Deutschland,Banque d'investissement (BB/CIB),elite,46.5,,,,a_enrichir
Arkéa Banque Entreprises & Institutionnels,Banque d'investissement (BB/CIB),elite,46.5,,,,a_enrichir
Attijari Finances Corp.,Banque d'investissement (BB/CIB),elite,46.5,,,,a_enrichir
Bank of America,Banque d'investissement (BB/CIB),elite,46.5,,,,a_enrichir
"Bank of Communications Co.,Ltd.",Banque d'investissement (BB/CIB),elite,46.5,,,,a_enrichir
Banque Scotia,Banque d'investissement (BB/CIB),elite,46.5,,,,a_enrichir
Banque Wormser Frères,Banque d'investissement (BB/CIB),elite,46.5,,,,a_enrichir
Barclays,Banque d'investissement (BB/CIB),elite,46.5,,,,a_enrichir
Barclays Investment Bank,Banque d'investissement (BB/CIB),elite,46.5,,,,a_enrichir
Berenberg,Banque d'investissement (BB/CIB),elite,46.5,,,,a_enrichir
BMO Capital Markets,Banque d'investissement (BB/CIB),elite,46.5,,,,a_enrichir
BNP Paribas CIB,Banque d'investissement (BB/CIB),elite,46.5,,,,a_enrichir
BTG Pactual Chile,Banque d'investissement (BB/CIB),elite,46.5,,,,a_enrichir
Canaccord Genuity Group,Banque d'investissement (BB/CIB),elite,46.5,,,,a_enrichir
Canaccord Genuity Group Inc.,Banque d'investissement (BB/CIB),elite,46.5,,,,a_enrichir
China Securities International Finance Holding Company Limited,Banque d'investissement (BB/CIB),elite,46.5,,,,a_enrichir
CIBC Capital Markets,Banque d'investissement (BB/CIB),elite,46.5,,,,a_enrichir
CIC CIB Research,Banque d'investissement (BB/CIB),elite,46.5,,,,a_enrichir
Citadel Securities,Banque d'investissement (BB/CIB),elite,46.5,,,,a_enrichir
Citi India,Banque d'investissement (BB/CIB),elite,46.5,,,,a_enrichir
Citigroup,Banque d'investissement (BB/CIB),elite,46.5,,,,a_enrichir
Citigroup Paris,Banque d'investissement (BB/CIB),elite,46.5,,,,a_enrichir
Crédit Agricole CIB,Banque d'investissement (BB/CIB),elite,46.5,,,,a_enrichir
Degroof Petercam,Banque d'investissement (BB/CIB),elite,46.5,,,,a_enrichir
Deutsche Bank,Banque d'investissement (BB/CIB),elite,46.5,,,,a_enrichir
Goldman Sachs,Banque d'investissement (BB/CIB),elite,46.5,,,,a_enrichir
Goldman Sachs Investment Banking,Banque d'investissement (BB/CIB),elite,46.5,,,,a_enrichir
Groupe BPCE,Banque d'investissement (BB/CIB),elite,46.5,,,,a_enrichir
Guotai Junan International,Banque d'investissement (BB/CIB),elite,46.5,,,,a_enrichir
Hottinguer Corporate Finance,Banque d'investissement (BB/CIB),elite,46.5,,,,a_enrichir
HSBC,Banque d'investissement (BB/CIB),elite,46.5,,,,a_enrichir
HSBC France Investment Banking,Banque d'investissement (BB/CIB),elite,46.5,,,,a_enrichir
ING,Banque d'investissement (BB/CIB),elite,46.5,,,,a_enrichir
ING Equity Capital Markets,Banque d'investissement (BB/CIB),elite,46.5,,,,a_enrichir
ING Luxembourg,Banque d'investissement (BB/CIB),elite,46.5,,,,a_enrichir
J.P. Morgan,Banque d'investissement (BB/CIB),elite,46.5,,,,a_enrichir
Jane Street,Banque d'investissement (BB/CIB),elite,46.5,,,,a_enrichir
Jefferies,Banque d'investissement (BB/CIB),elite,46.5,,,,a_enrichir
Jefferies France,Banque d'investissement (BB/CIB),elite,46.5,,,,a_enrichir
JPMorganChase,Banque d'investissement (BB/CIB),elite,46.5,,,,a_enrichir
Kepler Cheuvreux,Banque d'investissement (BB/CIB),elite,46.5,,,,a_enrichir
Kepler Cheuvreux IFE,Banque d'investissement (BB/CIB),elite,46.5,,,,a_enrichir
Macquarie Capital France,Banque d'investissement (BB/CIB),elite,46.5,,,,a_enrichir
Macquarie Group,Banque d'investissement (BB/CIB),elite,46.5,,,,a_enrichir
Mizuho,Banque d'investissement (BB/CIB),elite,46.5,,,,a_enrichir
Mizuho France,Banque d'investissement (BB/CIB),elite,46.5,,,,a_enrichir
Morgan Stanley,Banque d'investissement (BB/CIB),elite,46.5,,,,a_enrichir
MUFG,Banque d'investissement (BB/CIB),elite,46.5,,,,a_enrichir
Natixis CIB,Banque d'investissement (BB/CIB),elite,46.5,,,,a_enrichir
Natixis Corporate & Investment Banking,Banque d'investissement (BB/CIB),elite,46.5,,,,a_enrichir
NatWest Group,Banque d'investissement (BB/CIB),elite,46.5,,,,a_enrichir
Nomura,Banque d'investissement (BB/CIB),elite,46.5,,,,a_enrichir
Nomura France,Banque d'investissement (BB/CIB),elite,46.5,,,,a_enrichir
ODDO BHF,Banque d'investissement (BB/CIB),elite,46.5,,,,a_enrichir
Optiver,Banque d'investissement (BB/CIB),elite,46.5,,,,a_enrichir
Philippe Hottinguer Finance,Banque d'investissement (BB/CIB),elite,46.5,,,,a_enrichir
Piraeus,Banque d'investissement (BB/CIB),elite,46.5,,,,a_enrichir
Rabobank,Banque d'investissement (BB/CIB),elite,46.5,,,,a_enrichir
Raymond James,Banque d'investissement (BB/CIB),elite,46.5,,,,a_enrichir
Red Med Capital,Banque d'investissement (BB/CIB),elite,46.5,,,,a_enrichir
Santander,Banque d'investissement (BB/CIB),elite,46.5,,,,a_enrichir
Santander CIB,Banque d'investissement (BB/CIB),elite,46.5,,,,a_enrichir
Santander Corporate & Investment Banking,Banque d'investissement (BB/CIB),elite,46.5,,,,a_enrichir
SMBC,Banque d'investissement (BB/CIB),elite,46.5,,,,a_enrichir
SMBC Group,Banque d'investissement (BB/CIB),elite,46.5,,,,a_enrichir
Société Générale,Banque d'investissement (BB/CIB),elite,46.5,,,,a_enrichir
Société Générale CIB,Banque d'investissement (BB/CIB),elite,46.5,,,,a_enrichir
Societe Generale Corporate and Investment Banking - SGCIB,Banque d'investissement (BB/CIB),elite,46.5,,,,a_enrichir
Standard Chartered,Banque d'investissement (BB/CIB),elite,46.5,,,,a_enrichir
Standard Chartered India,Banque d'investissement (BB/CIB),elite,46.5,,,,a_enrichir
Stifel Europe,Banque d'investissement (BB/CIB),elite,46.5,,,,a_enrichir
Stifel Financial Corp.,Banque d'investissement (BB/CIB),elite,46.5,,,,a_enrichir
TP ICAP,Banque d'investissement (BB/CIB),elite,46.5,,,,a_enrichir
UBS,Banque d'investissement (BB/CIB),elite,46.5,,,,a_enrichir
UniCredit,Banque d'investissement (BB/CIB),elite,46.5,,,,a_enrichir
Upline Group,Banque d'investissement (BB/CIB),elite,46.5,,,,a_enrichir
Wine Bankers & Co,Banque d'investissement (BB/CIB),elite,46.5,,,,a_enrichir
Zhongtai Financial International Limited,Banque d'investissement (BB/CIB),elite,46.5,,,,a_enrichir
Acer Finance,Family office / Holding / AM,autre,46,,,,a_enrichir
ALIENOR CAPITAL,Family office / Holding / AM,autre,46,,,,a_enrichir
Allianz France,Family office / Holding / AM,autre,46,,,,a_enrichir
Amundi,Family office / Holding / AM,autre,46,,,,a_enrichir
Amundi Private Equity Funds,Family office / Holding / AM,autre,46,,,,a_enrichir
Apicil Asset Management,Family office / Holding / AM,autre,46,,,,a_enrichir
Aqua Asset Management,Family office / Holding / AM,autre,46,,,,a_enrichir
Artemis,Family office / Holding / AM,autre,46,,,,a_enrichir
AXA Investment Managers,Family office / Holding / AM,autre,46,,,,a_enrichir
Axipit Real Estate Partners,Family office / Holding / AM,autre,46,,,,a_enrichir
Balyasny Asset Management,Family office / Holding / AM,autre,46,,,,a_enrichir
Balyasny Asset Management L.P.,Family office / Holding / AM,autre,46,,,,a_enrichir
Banque des Territoires,Family office / Holding / AM,autre,46,,,,a_enrichir
Banque Hottinguer,Family office / Holding / AM,autre,46,,,,a_enrichir
Banque Transatlantique,Family office / Holding / AM,autre,46,,,,a_enrichir
BEE Family Office,Family office / Holding / AM,autre,46,,,,a_enrichir
Belfius Private,Family office / Holding / AM,autre,46,,,,a_enrichir
Blackwell Family Office,Family office / Holding / AM,autre,46,,,,a_enrichir
Boussard & Gavaudan,Family office / Holding / AM,autre,46,,,,a_enrichir
Bpifrance,Family office / Holding / AM,autre,46,,,,a_enrichir
Braxton Investment Management,Family office / Holding / AM,autre,46,,,,a_enrichir
CA Indosuez,Family office / Holding / AM,autre,46,,,,a_enrichir
CACEIS,Family office / Holding / AM,autre,46,,,,a_enrichir
Caisse des Dépôts,Family office / Holding / AM,autre,46,,,,a_enrichir
Capula Investment Management LLP,Family office / Holding / AM,autre,46,,,,a_enrichir
Carmignac,Family office / Holding / AM,autre,46,,,,a_enrichir
Cazenove Capital,Family office / Holding / AM,autre,46,,,,a_enrichir
Citadel,Family office / Holding / AM,autre,46,,,,a_enrichir
CMB Monaco,Family office / Holding / AM,autre,46,,,,a_enrichir
Côme,Family office / Holding / AM,autre,46,,,,a_enrichir
"Côme, le Family Office",Family office / Holding / AM,autre,46,,,,a_enrichir
Creadev,Family office / Holding / AM,autre,46,,,,a_enrichir
Cyrus Herez,Family office / Holding / AM,autre,46,,,,a_enrichir
Demeter,Family office / Holding / AM,autre,46,,,,a_enrichir
DNCA Finance,Family office / Holding / AM,autre,46,,,,a_enrichir
Edmond de Rothschild,Family office / Holding / AM,autre,46,,,,a_enrichir
Edmond de Rothschild Asset Management,Family office / Holding / AM,autre,46,,,,a_enrichir
EFG Private Bank,Family office / Holding / AM,autre,46,,,,a_enrichir
Essling Capital,Family office / Holding / AM,autre,46,,,,a_enrichir
Evelyn Partners,Family office / Holding / AM,autre,46,,,,a_enrichir
Evercore Wealth Management,Family office / Holding / AM,autre,46,,,,a_enrichir
Evolem,Family office / Holding / AM,autre,46,,,,a_enrichir
Eximium,Family office / Holding / AM,autre,46,,,,a_enrichir
Exor,Family office / Holding / AM,autre,46,,,,a_enrichir
Feydeau Capital Research,Family office / Holding / AM,autre,46,,,,a_enrichir
FFP,Family office / Holding / AM,autre,46,,,,a_enrichir
Financière Agache,Family office / Holding / AM,autre,46,,,,a_enrichir
France Valley,Family office / Holding / AM,autre,46,,,,a_enrichir
Fulcrum Asset Management,Family office / Holding / AM,autre,46,,,,a_enrichir
Goldman Sachs Asset Management,Family office / Holding / AM,autre,46,,,,a_enrichir
GRESHAM Banque Privée,Family office / Holding / AM,autre,46,,,,a_enrichir
Groupe Banque Richelieu,Family office / Holding / AM,autre,46,,,,a_enrichir
Gutmann Capital,Family office / Holding / AM,autre,46,,,,a_enrichir
Invesco,Family office / Holding / AM,autre,46,,,,a_enrichir
Invesco Paris,Family office / Holding / AM,autre,46,,,,a_enrichir
JAB Holding,Family office / Holding / AM,autre,46,,,,a_enrichir
JANA Investment Advisers,Family office / Holding / AM,autre,46,,,,a_enrichir
JBWere,Family office / Holding / AM,autre,46,,,,a_enrichir
Julius Baer,Family office / Holding / AM,autre,46,,,,a_enrichir
KIMPA - Impact Family Office,Family office / Holding / AM,autre,46,,,,a_enrichir
La Française,Family office / Holding / AM,autre,46,,,,a_enrichir
Lazard Asset Management,Family office / Holding / AM,autre,46,,,,a_enrichir
Lazard Frères Gestion,Family office / Holding / AM,autre,46,,,,a_enrichir
LIAN Group,Family office / Holding / AM,autre,46,,,,a_enrichir
Lombard Odier Group,Family office / Holding / AM,autre,46,,,,a_enrichir
Mandarine Gestion,Family office / Holding / AM,autre,46,,,,a_enrichir
Mansartis,Family office / Holding / AM,autre,46,,,,a_enrichir
Mansartis Finance,Family office / Holding / AM,autre,46,,,,a_enrichir
Marmi Asset Management,Family office / Holding / AM,autre,46,,,,a_enrichir
Meeschaert,Family office / Holding / AM,autre,46,,,,a_enrichir
Meeschaert Capital Partners,Family office / Holding / AM,autre,46,,,,a_enrichir
Milleis Banque Privée,Family office / Holding / AM,autre,46,,,,a_enrichir
Mirabaud AM,Family office / Holding / AM,autre,46,,,,a_enrichir
Mirabaud Asset Management,Family office / Holding / AM,autre,46,,,,a_enrichir
Mirova,Family office / Holding / AM,autre,46,,,,a_enrichir
Monaco Asset Management,Family office / Holding / AM,autre,46,,,,a_enrichir
Montpensier Arbevel,Family office / Holding / AM,autre,46,,,,a_enrichir
Natixis Investment Managers,Family office / Holding / AM,autre,46,,,,a_enrichir
Natixis Wealth Management,Family office / Holding / AM,autre,46,,,,a_enrichir
New Alpha Asset Management,Family office / Holding / AM,autre,46,,,,a_enrichir
OFI Asset Management,Family office / Holding / AM,autre,46,,,,a_enrichir
OFI Invest,Family office / Holding / AM,autre,46,,,,a_enrichir
Ofi Invest Asset Management,Family office / Holding / AM,autre,46,,,,a_enrichir
OFI Invest Family Office,Family office / Holding / AM,autre,46,,,,a_enrichir
Otium Capital,Family office / Holding / AM,autre,46,,,,a_enrichir
Peugeot Invest,Family office / Holding / AM,autre,46,,,,a_enrichir
Phitrust Impact Investors,Family office / Holding / AM,autre,46,,,,a_enrichir
Pictet Asset Management,Family office / Holding / AM,autre,46,,,,a_enrichir
Pictet Group,Family office / Holding / AM,autre,46,,,,a_enrichir
Pictet Wealth Management,Family office / Holding / AM,autre,46,,,,a_enrichir
PIMCO Prime Real Estate,Family office / Holding / AM,autre,46,,,,a_enrichir
PROMEPAR Asset Management,Family office / Holding / AM,autre,46,,,,a_enrichir
Quaero Capital,Family office / Holding / AM,autre,46,,,,a_enrichir
Quintet Private Bank,Family office / Holding / AM,autre,46,,,,a_enrichir
Quoniam Asset Management,Family office / Holding / AM,autre,46,,,,a_enrichir
Raise Investissement,Family office / Holding / AM,autre,46,,,,a_enrichir
RGreen Invest,Family office / Holding / AM,autre,46,,,,a_enrichir
Richelieu Invest,Family office / Holding / AM,autre,46,,,,a_enrichir
Rothschild & Co - Asset Management,Family office / Holding / AM,autre,46,,,,a_enrichir
Rothschild Martin Maurel,Family office / Holding / AM,autre,46,,,,a_enrichir
Scala Patrimoine,Family office / Holding / AM,autre,46,,,,a_enrichir
Schroders,Family office / Holding / AM,autre,46,,,,a_enrichir
Schroders Wealth Management,Family office / Holding / AM,autre,46,,,,a_enrichir
Sienna IM,Family office / Holding / AM,autre,46,,,,a_enrichir
Sienna Investment Managers,Family office / Holding / AM,autre,46,,,,a_enrichir
Societe Generale Private Banking - SGPB,Family office / Holding / AM,autre,46,,,,a_enrichir
State Street,Family office / Holding / AM,autre,46,,,,a_enrichir
SWEN Capital Partners,Family office / Holding / AM,autre,46,,,,a_enrichir
Sycomore Asset Management,Family office / Holding / AM,autre,46,,,,a_enrichir
Téthys Invest,Family office / Holding / AM,autre,46,,,,a_enrichir
Two Sigma,Family office / Holding / AM,autre,46,,,,a_enrichir
UP Real Estate,Family office / Holding / AM,autre,46,,,,a_enrichir
Van Berkom Gestion mondiale d'actifs,Family office / Holding / AM,autre,46,,,,a_enrichir
Varenne Capital Partners,Family office / Holding / AM,autre,46,,,,a_enrichir
Victoires Haussmann SGP,Family office / Holding / AM,autre,46,,,,a_enrichir
VIGIFINANCE Family Office,Family office / Holding / AM,autre,46,,,,a_enrichir
Wendel,Family office / Holding / AM,autre,46,,,,a_enrichir
WorldQuant,Family office / Holding / AM,autre,46,,,,a_enrichir
Yarra Capital Management,Family office / Holding / AM,autre,46,,,,a_enrichir
Zencap Asset Management,Family office / Holding / AM,autre,46,,,,a_enrichir
Acuitem,Conseil stratégie / management,autre,43.5,,,,a_enrichir
AEC Partners,Conseil stratégie / management,autre,43.5,,,,a_enrichir
Ailancy,Conseil stratégie / management,autre,43.5,,,,a_enrichir
Altea Groupe,Conseil stratégie / management,autre,43.5,,,,a_enrichir
AltRaise,Conseil stratégie / management,autre,43.5,,,,a_enrichir
AMR International,Conseil stratégie / management,autre,43.5,,,,a_enrichir
Avantage Consulting,Conseil stratégie / management,autre,43.5,,,,a_enrichir
Avencore,Conseil stratégie / management,autre,43.5,,,,a_enrichir
Bartle,Conseil stratégie / management,autre,43.5,,,,a_enrichir
Blue Cell Consulting,Conseil stratégie / management,autre,43.5,,,,a_enrichir
Bluemont Consulting GmbH,Conseil stratégie / management,autre,43.5,,,,a_enrichir
Boston Consulting Group,Conseil stratégie / management,autre,43.5,,,,a_enrichir
Boston Consulting Group (BCG),Conseil stratégie / management,autre,43.5,,,,a_enrichir
Brugmann Conseil,Conseil stratégie / management,autre,43.5,,,,a_enrichir
CGI Business Consulting,Conseil stratégie / management,autre,43.5,,,,a_enrichir
CM International,Conseil stratégie / management,autre,43.5,,,,a_enrichir
Convictions RH,Conseil stratégie / management,autre,43.5,,,,a_enrichir
Cosmo Consulting,Conseil stratégie / management,autre,43.5,,,,a_enrichir
Davidson Consulting,Conseil stratégie / management,autre,43.5,,,,a_enrichir
DDA & Company,Conseil stratégie / management,autre,43.5,,,,a_enrichir
DSA International,Conseil stratégie / management,autre,43.5,,,,a_enrichir
Emergeances,Conseil stratégie / management,autre,43.5,,,,a_enrichir
Emerton,Conseil stratégie / management,autre,43.5,,,,a_enrichir
Exton Consulting,Conseil stratégie / management,autre,43.5,,,,a_enrichir
FCS Consulting,Conseil stratégie / management,autre,43.5,,,,a_enrichir
Implid,Conseil stratégie / management,autre,43.5,,,,a_enrichir
IMPULSE PARTNERS,Conseil stratégie / management,autre,43.5,,,,a_enrichir
IMPULSE PARTNERS - A FAST LANE FOR INNOVATION,Conseil stratégie / management,autre,43.5,,,,a_enrichir
Kea & Partners,Conseil stratégie / management,autre,43.5,,,,a_enrichir
KEA Partners,Conseil stratégie / management,autre,43.5,,,,a_enrichir
Kyu Associes,Conseil stratégie / management,autre,43.5,,,,a_enrichir
Kyu Associés,Conseil stratégie / management,autre,43.5,,,,a_enrichir
Magellan Partners,Conseil stratégie / management,autre,43.5,,,,a_enrichir
Martek,Conseil stratégie / management,autre,43.5,,,,a_enrichir
McKinsey & Company,Conseil stratégie / management,autre,43.5,,,,a_enrichir
New Deal Factory,Conseil stratégie / management,autre,43.5,,,,a_enrichir
Niji,Conseil stratégie / management,autre,43.5,,,,a_enrichir
Norma Consulting,Conseil stratégie / management,autre,43.5,,,,a_enrichir
One Line Group,Conseil stratégie / management,autre,43.5,,,,a_enrichir
Orium,Conseil stratégie / management,autre,43.5,,,,a_enrichir
Paris Business Consulting,Conseil stratégie / management,autre,43.5,,,,a_enrichir
Periscope,Conseil stratégie / management,autre,43.5,,,,a_enrichir
Periscope Group,Conseil stratégie / management,autre,43.5,,,,a_enrichir
Quadra Consultants,Conseil stratégie / management,autre,43.5,,,,a_enrichir
Resolvys,Conseil stratégie / management,autre,43.5,,,,a_enrichir
Saegus,Conseil stratégie / management,autre,43.5,,,,a_enrichir
Sia Partners,Conseil stratégie / management,autre,43.5,,,,a_enrichir
Sinnoptic Consulting,Conseil stratégie / management,autre,43.5,,,,a_enrichir
SMART PARTNERS,Conseil stratégie / management,autre,43.5,,,,a_enrichir
SQUAD Conseil et Expertises,Conseil stratégie / management,autre,43.5,,,,a_enrichir
Square Management,Conseil stratégie / management,autre,43.5,,,,a_enrichir
Squareness,Conseil stratégie / management,autre,43.5,,,,a_enrichir
Stim Consulting,Conseil stratégie / management,autre,43.5,,,,a_enrichir
SYNERCOM,Conseil stratégie / management,autre,43.5,,,,a_enrichir
Transversale Conseil,Conseil stratégie / management,autre,43.5,,,,a_enrichir
Vertuo Conseil,Conseil stratégie / management,autre,43.5,,,,a_enrichir
Wavestone,Conseil stratégie / management,autre,43.5,,,,a_enrichir
WePartner Consulting,Conseil stratégie / management,autre,43.5,,,,a_enrichir
Wesoar Consulting,Conseil stratégie / management,autre,43.5,,,,a_enrichir
Wil Consulting,Conseil stratégie / management,autre,43.5,,,,a_enrichir
Arjun Infrastructure Partners,Fonds infrastructure,cible,35.1,,,,a_enrichir
Hy24 Partners,Fonds infrastructure,cible,35.1,,,,a_enrichir
Hy24-FR-Internships,Fonds infrastructure,cible,35.1,,,,a_enrichir
Infravia Capital Partners,Fonds infrastructure,cible,35.1,,,,a_enrichir
Omnes Infrastructure,Fonds infrastructure,cible,35.1,,,,a_enrichir
PEARL Infrastructure Capital,Fonds infrastructure,cible,35.1,,,,a_enrichir
Rivage Investment,Fonds infrastructure,cible,35.1,,,,a_enrichir
360 Capital,VC international (top),elite,35.1,,,,a_enrichir
Accel,VC international (top),elite,35.1,,,,a_enrichir
Accel France,VC international (top),elite,35.1,,,,a_enrichir
Andreessen Horowitz,VC international (top),elite,35.1,,,,a_enrichir
Atomico,VC international (top),elite,35.1,,,,a_enrichir
Atomico France,VC international (top),elite,35.1,,,,a_enrichir
Balderton Capital,VC international (top),elite,35.1,,,,a_enrichir
Balderton Capital France,VC international (top),elite,35.1,,,,a_enrichir
Bessemer Venture Partners,VC international (top),elite,35.1,,,,a_enrichir
Brighteye Ventures,VC international (top),elite,35.1,,,,a_enrichir
Cathay Innovation,VC international (top),elite,35.1,,,,a_enrichir
Coatue Management,VC international (top),elite,35.1,,,,a_enrichir
DST Global,VC international (top),elite,35.1,,,,a_enrichir
DST Global France,VC international (top),elite,35.1,,,,a_enrichir
Earlybird France,VC international (top),elite,35.1,,,,a_enrichir
Earlybird Venture Capital,VC international (top),elite,35.1,,,,a_enrichir
Felix Capital,VC international (top),elite,35.1,,,,a_enrichir
Felix Capital France,VC international (top),elite,35.1,,,,a_enrichir
First Round,VC international (top),elite,35.1,,,,a_enrichir
Five Seasons Ventures,VC international (top),elite,35.1,,,,a_enrichir
Future Positive Capital,VC international (top),elite,35.1,,,,a_enrichir
Highland Europe,VC international (top),elite,35.1,,,,a_enrichir
HV Capital,VC international (top),elite,35.1,,,,a_enrichir
HV Capital France,VC international (top),elite,35.1,,,,a_enrichir
ICONIQ Capital,VC international (top),elite,35.1,,,,a_enrichir
Index Ventures,VC international (top),elite,35.1,,,,a_enrichir
Index Ventures France,VC international (top),elite,35.1,,,,a_enrichir
Insight Partners,VC international (top),elite,35.1,,,,a_enrichir
Insight Partners France,VC international (top),elite,35.1,,,,a_enrichir
Lightspeed France,VC international (top),elite,35.1,,,,a_enrichir
Lightspeed Venture Partners,VC international (top),elite,35.1,,,,a_enrichir
Northzone,VC international (top),elite,35.1,,,,a_enrichir
Northzone France,VC international (top),elite,35.1,,,,a_enrichir
Picus Capital,VC international (top),elite,35.1,,,,a_enrichir
Project A Ventures,VC international (top),elite,35.1,,,,a_enrichir
Project A Ventures France,VC international (top),elite,35.1,,,,a_enrichir
Sequoia Capital,VC international (top),elite,35.1,,,,a_enrichir
Sequoia Capital France,VC international (top),elite,35.1,,,,a_enrichir
Speedinvest,VC international (top),elite,35.1,,,,a_enrichir
Speedinvest France,VC international (top),elite,35.1,,,,a_enrichir
Abenex,Fonds PE / Infra large cap,elite,32.4,,,,a_enrichir
Advent International,Fonds PE / Infra large cap,elite,32.4,,,,a_enrichir
Allianz Capital Partners,Fonds PE / Infra large cap,elite,32.4,,,,a_enrichir
Antin Infrastructure Partners,Fonds PE / Infra large cap,elite,32.4,,,,a_enrichir
Apollo Global Management,Fonds PE / Infra large cap,elite,32.4,,,,a_enrichir
"Apollo Global Management, Inc.",Fonds PE / Infra large cap,elite,32.4,,,,a_enrichir
Arcmont Asset Management,Fonds PE / Infra large cap,elite,32.4,,,,a_enrichir
Ardian,Fonds PE / Infra large cap,elite,32.4,,,,a_enrichir
Ardian Buyout,Fonds PE / Infra large cap,elite,32.4,,,,a_enrichir
Ardian Infrastructure,Fonds PE / Infra large cap,elite,32.4,,,,a_enrichir
Ardian Jobs & Internships,Fonds PE / Infra large cap,elite,32.4,,,,a_enrichir
Ares Management,Fonds PE / Infra large cap,elite,32.4,,,,a_enrichir
Argos Wityu,Fonds PE / Infra large cap,elite,32.4,,,,a_enrichir
Astorg,Fonds PE / Infra large cap,elite,32.4,,,,a_enrichir
Azulis Capital,Fonds PE / Infra large cap,elite,32.4,,,,a_enrichir
Bain Capital,Fonds PE / Infra large cap,elite,32.4,,,,a_enrichir
BC Partners,Fonds PE / Infra large cap,elite,32.4,,,,a_enrichir
BlackRock,Fonds PE / Infra large cap,elite,32.4,,,,a_enrichir
Blackstone,Fonds PE / Infra large cap,elite,32.4,,,,a_enrichir
Blackstone Private Equity,Fonds PE / Infra large cap,elite,32.4,,,,a_enrichir
BlueBay Asset Management,Fonds PE / Infra large cap,elite,32.4,,,,a_enrichir
Bridgepoint,Fonds PE / Infra large cap,elite,32.4,,,,a_enrichir
Bridgepoint France,Fonds PE / Infra large cap,elite,32.4,,,,a_enrichir
Brookfield Infrastructure,Fonds PE / Infra large cap,elite,32.4,,,,a_enrichir
CapVest,Fonds PE / Infra large cap,elite,32.4,,,,a_enrichir
CAPZA,Fonds PE / Infra large cap,elite,32.4,,,,a_enrichir
Carlyle,Fonds PE / Infra large cap,elite,32.4,,,,a_enrichir
Carlyle France,Fonds PE / Infra large cap,elite,32.4,,,,a_enrichir
Charterhouse Capital Partners,Fonds PE / Infra large cap,elite,32.4,,,,a_enrichir
Ciclad,Fonds PE / Infra large cap,elite,32.4,,,,a_enrichir
Cinven,Fonds PE / Infra large cap,elite,32.4,,,,a_enrichir
Cinven France,Fonds PE / Infra large cap,elite,32.4,,,,a_enrichir
Cube Infrastructure Managers,Fonds PE / Infra large cap,elite,32.4,,,,a_enrichir
CVC Capital Partners,Fonds PE / Infra large cap,elite,32.4,,,,a_enrichir
Dentressangle,Fonds PE / Infra large cap,elite,32.4,,,,a_enrichir
DIF Capital Partners,Fonds PE / Infra large cap,elite,32.4,,,,a_enrichir
DigitalBridge,Fonds PE / Infra large cap,elite,32.4,,,,a_enrichir
Ekkio Capital,Fonds PE / Infra large cap,elite,32.4,,,,a_enrichir
EMZ Partners,Fonds PE / Infra large cap,elite,32.4,,,,a_enrichir
EQT,Fonds PE / Infra large cap,elite,32.4,,,,a_enrichir
Equistone Partners,Fonds PE / Infra large cap,elite,32.4,,,,a_enrichir
Equitix,Fonds PE / Infra large cap,elite,32.4,,,,a_enrichir
Eurazeo,Fonds PE / Infra large cap,elite,32.4,,,,a_enrichir
Eurazeo Growth,Fonds PE / Infra large cap,elite,32.4,,,,a_enrichir
Eurazeo Venture,Fonds PE / Infra large cap,elite,32.4,,,,a_enrichir
Florac,Fonds PE / Infra large cap,elite,32.4,,,,a_enrichir
General Atlantic,Fonds PE / Infra large cap,elite,32.4,,,,a_enrichir
General Atlantic France,Fonds PE / Infra large cap,elite,32.4,,,,a_enrichir
GHO Capital,Fonds PE / Infra large cap,elite,32.4,,,,a_enrichir
Global Infrastructure Partners,Fonds PE / Infra large cap,elite,32.4,,,,a_enrichir
Growth Equity at Eurazeo,Fonds PE / Infra large cap,elite,32.4,,,,a_enrichir
Growth Equity at General Atlantic,Fonds PE / Infra large cap,elite,32.4,,,,a_enrichir
H.I.G Capital,Fonds PE / Infra large cap,elite,32.4,,,,a_enrichir
H.I.G. Capital,Fonds PE / Infra large cap,elite,32.4,,,,a_enrichir
Hayfin Capital Management,Fonds PE / Infra large cap,elite,32.4,,,,a_enrichir
Hg Capital,Fonds PE / Infra large cap,elite,32.4,,,,a_enrichir
Hivest Capital Partners,Fonds PE / Infra large cap,elite,32.4,,,,a_enrichir
HLD Associés,Fonds PE / Infra large cap,elite,32.4,,,,a_enrichir
ICG,Fonds PE / Infra large cap,elite,32.4,,,,a_enrichir
ICG France,Fonds PE / Infra large cap,elite,32.4,,,,a_enrichir
IK Partners,Fonds PE / Infra large cap,elite,32.4,,,,a_enrichir
InfraMed,Fonds PE / Infra large cap,elite,32.4,,,,a_enrichir
InfraRed Capital Partners,Fonds PE / Infra large cap,elite,32.4,,,,a_enrichir
Initiative & Finance,Fonds PE / Infra large cap,elite,32.4,,,,a_enrichir
Kartesia,Fonds PE / Infra large cap,elite,32.4,,,,a_enrichir
KKR,Fonds PE / Infra large cap,elite,32.4,,,,a_enrichir
KKR France,Fonds PE / Infra large cap,elite,32.4,,,,a_enrichir
L Catterton Europe,Fonds PE / Infra large cap,elite,32.4,,,,a_enrichir
Latour Capital,Fonds PE / Infra large cap,elite,32.4,,,,a_enrichir
Latour Capital Management,Fonds PE / Infra large cap,elite,32.4,,,,a_enrichir
LGT European Capital Ltd,Fonds PE / Infra large cap,elite,32.4,,,,a_enrichir
Macquarie Infrastructure,Fonds PE / Infra large cap,elite,32.4,,,,a_enrichir
Marguerite,Fonds PE / Infra large cap,elite,32.4,,,,a_enrichir
Marlin Equity Partners,Fonds PE / Infra large cap,elite,32.4,,,,a_enrichir
Meanings Capital Partners,Fonds PE / Infra large cap,elite,32.4,,,,a_enrichir
Meridiam,Fonds PE / Infra large cap,elite,32.4,,,,a_enrichir
Montagu Private Equity,Fonds PE / Infra large cap,elite,32.4,,,,a_enrichir
Mubadala Capital France,Fonds PE / Infra large cap,elite,32.4,,,,a_enrichir
Nordic Capital,Fonds PE / Infra large cap,elite,32.4,,,,a_enrichir
Oaktree Capital Management,Fonds PE / Infra large cap,elite,32.4,,,,a_enrichir
Opengate Capital,Fonds PE / Infra large cap,elite,32.4,,,,a_enrichir
PAI Partners,Fonds PE / Infra large cap,elite,32.4,,,,a_enrichir
Parquest Capital,Fonds PE / Infra large cap,elite,32.4,,,,a_enrichir
Partners Group,Fonds PE / Infra large cap,elite,32.4,,,,a_enrichir
Pemberton Asset Management,Fonds PE / Infra large cap,elite,32.4,,,,a_enrichir
Peninsular Capital Management,Fonds PE / Infra large cap,elite,32.4,,,,a_enrichir
Perceva,Fonds PE / Infra large cap,elite,32.4,,,,a_enrichir
Permira,Fonds PE / Infra large cap,elite,32.4,,,,a_enrichir
PSG Equity,Fonds PE / Infra large cap,elite,32.4,,,,a_enrichir
Qualium Investissement,Fonds PE / Infra large cap,elite,32.4,,,,a_enrichir
Seven2,Fonds PE / Infra large cap,elite,32.4,,,,a_enrichir
Seven2 (ex-Apax),Fonds PE / Infra large cap,elite,32.4,,,,a_enrichir
Silverfleet Capital,Fonds PE / Infra large cap,elite,32.4,,,,a_enrichir
Silverfleet Capital SAS,Fonds PE / Infra large cap,elite,32.4,,,,a_enrichir
Sparring Capital,Fonds PE / Infra large cap,elite,32.4,,,,a_enrichir
Stonepeak,Fonds PE / Infra large cap,elite,32.4,,,,a_enrichir
Summit Partners,Fonds PE / Infra large cap,elite,32.4,,,,a_enrichir
TA Associates,Fonds PE / Infra large cap,elite,32.4,,,,a_enrichir
The Carlyle Group,Fonds PE / Infra large cap,elite,32.4,,,,a_enrichir
Tikehau Capital,Fonds PE / Infra large cap,elite,32.4,,,,a_enrichir
TowerBrook Capital Partners,Fonds PE / Infra large cap,elite,32.4,,,,a_enrichir
Triton Partners,Fonds PE / Infra large cap,elite,32.4,,,,a_enrichir
Vauban Infrastructure Partners,Fonds PE / Infra large cap,elite,32.4,,,,a_enrichir
Verdane,Fonds PE / Infra large cap,elite,32.4,,,,a_enrichir
Vitruvian Partners,Fonds PE / Infra large cap,elite,32.4,,,,a_enrichir
Weinberg Capital Partners,Fonds PE / Infra large cap,elite,32.4,,,,a_enrichir
